,class,ListPrice,BedroomsTotal,BathroomsTotalInteger,BuildingAreaTotal
9,4.0,200000,2,3,1223
17,23.0,100000,2,2,1036
18,20.0,200000,3,3,1518
23,3.0,400000,1,1,641
35,20.0,500000,3,2,1541
36,4.0,800000,5,4,3607
43,1.0,300000,3,3,2410
45,4.0,100000,3,3,1870
48,33.0,200000,2,2,1132
51,6.0,300000,2,3,1478
59,0.0,200000,3,3,1597
62,4.0,400000,3,2,1553
63,28.0,100000,2,3,1540
70,20.0,100000,3,3,1628
79,3.0,300000,1,1,765
81,28.0,90000,2,3,1107
101,20.0,200000,2,3,2054
104,20.0,200000,2,2,1188
106,20.0,200000,1,1,565
107,4.0,200000,2,2,1470
112,26.0,200000,3,2,1553
116,6.0,300000,1,1,728
122,28.0,400000,3,3,2150
123,28.0,90000,2,2,1036
131,4.0,200000,3,3,1651
132,6.0,200000,2,3,1520
139,20.0,400000,3,2,1440
152,4.0,100000,2,3,1246
159,20.0,200000,3,2,1350
170,20.0,300000,3,2,1592
171,20.0,200000,2,2,1412
172,20.0,200000,2,2,1426
173,0.0,400000,3,2,1440
175,23.0,400000,3,2,1440
182,28.0,300000,4,3,2250
190,23.0,200000,2,2,1316
191,4.0,200000,2,2,1271
193,6.0,300000,3,2,1698
199,4.0,200000,3,3,1523
206,8.0,200000,3,3,1750
207,28.0,400000,3,2,2130
210,6.0,200000,2,2,1600
219,2.0,200000,2,2,968
227,28.0,200000,3,3,1536
228,0.0,30000,0,1,403
230,2.0,300000,4,3,2223
231,6.0,300000,4,3,2223
235,4.0,300000,4,3,2223
237,0.0,300000,3,3,1535
238,2.0,400000,2,3,1579
240,6.0,100000,2,3,1336
247,4.0,100000,2,3,1141
248,4.0,600000,3,3,2747
250,20.0,100000,2,1,700
253,1.0,200000,3,4,2386
258,4.0,100000,2,3,1141
259,20.0,100000,2,2,828
267,6.0,200000,2,3,1641
269,20.0,200000,2,1,812
270,6.0,200000,2,2,1132
277,4.0,80000,1,1,565
279,4.0,200000,3,3,1383
286,20.0,500000,2,3,1773
292,0.0,200000,3,3,1747
295,0.0,400000,3,3,1689
297,6.0,200000,2,3,1002
300,20.0,200000,2,2,761
303,1.0,100000,2,2,875
309,2.0,200000,2,1,715
310,20.0,200000,2,2,929
311,20.0,100000,1,1,449
314,4.0,70000,2,2,917
315,0.0,300000,3,2,1632
316,20.0,100000,1,1,646
317,4.0,200000,2,3,1608
321,8.0,100000,1,2,913
328,28.0,300000,3,3,2037
334,28.0,2000000,3,3,3498
336,17.0,200000,3,2,1380
338,4.0,80000,2,2,960
342,28.0,200000,2,2,1676
347,4.0,200000,3,3,1653
353,4.0,200000,3,2,1384
354,32.0,2000000,2,3,1953
355,20.0,300000,3,3,1847
357,4.0,100000,2,3,1151
358,4.0,200000,3,2,1944
362,6.0,200000,3,2,1302
363,13.0,200000,2,3,1099
372,6.0,300000,2,1,857
374,20.0,50000,1,1,657
379,1.0,200000,3,3,1666
382,28.0,200000,3,4,2365
388,20.0,100000,3,2,963
392,17.0,100000,1,1,785
394,4.0,200000,2,2,1509
396,1.0,200000,2,2,1187
417,1.0,200000,3,2,1592
419,4.0,100000,3,3,1639
421,17.0,300000,2,2,1512
423,20.0,100000,1,2,913
432,20.0,300000,2,2,1099
438,28.0,200000,1,2,1040
441,20.0,300000,2,3,1579
445,20.0,100000,3,3,1639
453,4.0,200000,2,2,1658
455,4.0,200000,2,2,1001
468,4.0,600000,3,3,2856
469,4.0,200000,2,2,1400
478,28.0,70000,2,1,800
480,17.0,300000,3,2,1680
481,6.0,300000,3,2,2030
482,4.0,300000,2,2,1621
489,20.0,200000,2,3,1937
490,4.0,100000,1,2,1190
496,4.0,100000,1,1,579
498,4.0,200000,2,2,1111
502,2.0,70000,3,2,1348
504,20.0,400000,2,3,1695
511,2.0,60000,2,1,790
517,6.0,500000,3,3,2053
519,4.0,100000,2,3,1041
525,4.0,200000,2,3,1535
527,20.0,200000,3,2,1329
545,1.0,100000,2,2,1194
550,6.0,100000,2,2,695
558,20.0,200000,3,3,1597
563,4.0,1000000,2,3,1953
564,0.0,400000,3,2,1670
567,17.0,100000,3,3,1408
568,20.0,100000,1,1,638
578,20.0,1000000,2,2,1918
583,17.0,100000,2,3,1280
593,20.0,200000,2,2,1027
629,20.0,200000,2,2,1131
630,20.0,40000,1,1,559
632,20.0,300000,2,2,1790
636,20.0,200000,2,2,1135
652,6.0,400000,3,2,2210
655,4.0,200000,2,2,968
656,1.0,40000,3,4,2600
670,6.0,100000,2,2,875
673,20.0,60000,1,1,704
677,1.0,600000,3,3,1836
680,4.0,80000,1,1,727
684,4.0,100000,2,2,981
689,4.0,200000,2,2,1288
691,28.0,200000,2,2,1509
695,1.0,100000,1,1,665
696,1.0,100000,1,1,760
697,1.0,400000,2,2,1883
698,23.0,500000,3,3,1983
699,20.0,500000,3,3,2015
700,4.0,200000,1,2,1127
701,4.0,900000,3,4,3826
702,23.0,200000,3,3,1466
703,6.0,90000,3,3,1496
704,20.0,90000,1,1,588
705,28.0,200000,2,2,910
706,4.0,200000,2,2,925
707,6.0,300000,2,3,1415
708,20.0,100000,3,2,1225
710,4.0,100000,2,2,1018
711,6.0,600000,2,3,1949
712,6.0,200000,2,3,1068
713,4.0,100000,1,1,559
714,4.0,700000,2,2,1802
715,28.0,200000,2,2,743
716,20.0,600000,4,4,3229
717,4.0,200000,2,2,1288
718,33.0,100000,2,3,1099
719,20.0,70000,2,2,968
720,2.0,100000,1,1,494
721,20.0,300000,2,2,939
722,8.0,300000,3,2,1632
723,1.0,200000,1,1,547
724,6.0,200000,2,3,1612
725,20.0,60000,1,1,736
726,4.0,100000,2,3,1610
727,4.0,90000,1,1,600
728,1.0,200000,1,2,970
729,28.0,90000,2,2,1072
730,4.0,40000,2,2,900
731,20.0,200000,2,1,979
732,4.0,100000,1,1,630
733,4.0,1000000,1,2,1611
734,20.0,100000,4,2,1256
735,0.0,200000,2,3,1422
736,20.0,700000,5,4,3589
737,6.0,300000,3,2,1930
738,31.0,60000,2,2,1027
739,4.0,200000,2,3,1436
740,6.0,300000,2,2,1899
741,4.0,200000,3,2,1424
742,28.0,400000,3,3,1722
743,6.0,100000,3,3,1723
744,28.0,100000,3,3,2108
745,20.0,200000,1,1,706
746,1.0,200000,2,1,979
747,1.0,200000,3,3,1782
748,1.0,200000,1,2,955
749,1.0,100000,2,2,978
750,1.0,80000,2,2,1080
751,1.0,200000,2,2,1183
752,6.0,60000,1,1,750
753,4.0,400000,2,2,1623
754,6.0,200000,2,3,1151
760,28.0,200000,3,3,1750
761,4.0,400000,3,2,2130
764,6.0,200000,2,2,1600
767,0.0,300000,3,3,2410
770,20.0,300000,2,2,1501
772,4.0,400000,2,2,1774
779,4.0,200000,2,3,1167
780,4.0,100000,1,1,603
781,4.0,90000,2,2,1136
782,20.0,400000,3,3,1939
783,20.0,70000,1,1,591
784,4.0,200000,2,3,1422
785,20.0,800000,4,4,3912
786,33.0,200000,1,1,796
787,6.0,900000,2,3,1611
788,1.0,200000,3,2,1651
789,20.0,100000,2,1,829
790,20.0,80000,2,1,810
791,20.0,100000,5,2,1722
792,28.0,100000,2,2,970
793,6.0,200000,2,3,1398
794,20.0,200000,3,3,1772
795,3.0,100000,2,3,1436
796,6.0,300000,2,2,1252
797,33.0,300000,3,2,1632
798,0.0,300000,1,1,711
799,4.0,200000,2,2,1183
800,28.0,300000,2,3,1503
801,4.0,200000,3,3,1552
802,20.0,80000,2,2,917
803,1.0,500000,3,1,1645
804,1.0,300000,3,2,2082
805,1.0,100000,2,1,870
806,20.0,200000,3,2,1356
807,1.0,300000,3,3,1561
808,20.0,400000,3,3,1657
809,4.0,300000,3,3,1576
810,20.0,200000,2,3,967
818,20.0,100000,1,1,785
820,20.0,200000,2,2,1509
822,6.0,200000,2,2,1187
832,20.0,600000,3,3,2856
833,4.0,200000,2,2,1400
854,8.0,200000,1,2,1040
858,8.0,50000,1,1,657
863,4.0,200000,3,3,1666
866,4.0,200000,3,4,2365
872,2.0,100000,3,2,963
880,20.0,300000,2,3,1579
884,8.0,100000,3,3,1639
891,0.0,100000,2,2,1194
898,20.0,200000,2,2,1658
900,20.0,200000,2,2,1001
907,2.0,100000,3,3,1639
909,6.0,300000,2,2,1512
911,20.0,100000,1,2,913
918,20.0,1000000,2,2,1918
923,2.0,100000,2,3,1280
934,4.0,400000,3,3,2150
935,4.0,90000,2,2,1036
947,4.0,200000,3,3,1546
959,20.0,100000,1,1,647
967,0.0,300000,2,2,1099
968,17.0,200000,3,2,1302
969,20.0,200000,2,3,1099
978,20.0,300000,2,1,857
985,20.0,200000,2,2,1027
993,20.0,90000,2,2,875
994,20.0,200000,3,2,1340
996,20.0,100000,2,2,695
1004,20.0,200000,3,3,1597
1009,20.0,1000000,2,3,1953
1010,20.0,600000,3,4,2687
1011,20.0,200000,3,2,1705
1012,0.0,100000,2,2,809
1013,2.0,300000,2,3,1261
1014,20.0,200000,2,2,1004
1015,4.0,100000,1,1,676
1016,0.0,200000,1,2,1035
1017,2.0,60000,2,1,670
1018,20.0,100000,2,2,1094
1019,20.0,80000,3,2,1347
1020,20.0,200000,3,3,1552
1021,20.0,100000,2,1,509
1022,20.0,90000,2,1,832
1023,20.0,200000,2,3,1304
1025,0.0,300000,2,2,1233
1026,4.0,300000,3,3,1834
1027,0.0,300000,1,1,977
1028,4.0,200000,2,2,1079
1029,0.0,100000,2,3,1193
1030,20.0,90000,3,3,1426
1031,4.0,100000,2,3,948
1032,20.0,200000,2,1,979
1033,28.0,300000,3,3,1367
1034,20.0,100000,2,3,1352
1035,4.0,300000,3,3,1864
1036,20.0,100000,1,2,928
1037,20.0,200000,3,3,2628
1038,17.0,100000,2,2,813
1039,4.0,600000,4,3,3066
1040,2.0,300000,1,1,783
1041,4.0,700000,5,4,4228
1042,17.0,200000,2,1,741
1043,20.0,90000,1,1,545
1044,4.0,300000,3,2,1196
1045,0.0,100000,2,2,802
1046,20.0,300000,2,3,1508
1047,6.0,300000,3,3,2119
1048,20.0,300000,2,2,1169
1049,20.0,500000,3,2,1487
1050,4.0,500000,2,3,1875
1051,0.0,200000,2,1,723
1052,1.0,200000,2,2,952
1053,4.0,100000,3,3,1170
1054,20.0,400000,4,3,2286
1055,0.0,100000,2,2,1089
1056,20.0,100000,2,2,1072
1057,20.0,200000,2,3,1550
1058,1.0,100000,1,1,351
1059,4.0,200000,2,2,1147
1060,20.0,200000,2,3,1398
1061,20.0,100000,1,2,612
1062,2.0,100000,2,2,912
1063,20.0,200000,2,2,1414
1064,18.0,100000,2,2,1022
1065,20.0,100000,1,1,762
1066,6.0,200000,2,3,1398
1067,4.0,100000,1,1,598
1068,6.0,70000,1,1,565
1069,4.0,200000,2,2,1116
1070,4.0,400000,3,2,1743
1071,6.0,100000,1,1,759
1076,4.0,70000,2,1,800
1078,17.0,300000,3,2,1680
1079,17.0,300000,3,2,2030
1080,20.0,300000,2,2,1621
1090,4.0,100000,1,1,579
1092,20.0,200000,2,2,1111
1096,4.0,70000,3,2,1348
1098,4.0,400000,2,3,1695
1102,28.0,100000,2,1,979
1103,28.0,400000,2,2,998
1107,8.0,80000,1,1,957
1109,20.0,200000,3,2,870
1110,13.0,300000,2,2,1104
1115,27.0,400000,3,2,1670
1118,4.0,100000,3,3,1408
1119,6.0,100000,1,1,638
1127,20.0,60000,2,1,790
1129,6.0,800000,4,5,3652
1132,6.0,400000,3,4,2117
1133,20.0,300000,3,4,2466
1145,6.0,100000,1,1,784
1151,6.0,100000,3,3,1523
1154,0.0,200000,3,3,1523
1157,6.0,300000,4,2,2819
1161,20.0,100000,3,3,1486
1165,6.0,100000,2,1,913
1166,6.0,200000,2,3,1395
1167,20.0,200000,2,3,1476
1170,26.0,300000,3,2,1602
1174,20.0,100000,1,1,579
1177,20.0,100000,2,3,1371
1179,1.0,200000,1,1,1160
1181,4.0,100000,2,3,1317
1183,20.0,100000,2,3,1020
1184,20.0,50000,2,2,802
1189,6.0,100000,2,2,1036
1191,0.0,200000,2,3,1395
1192,6.0,200000,2,3,1372
1194,0.0,200000,3,2,1300
1195,0.0,200000,2,2,1746
1197,0.0,400000,3,3,1671
1198,1.0,400000,3,3,1665
1204,20.0,100000,2,3,1282
1209,6.0,50000,2,2,952
1211,20.0,200000,1,2,1225
1213,4.0,300000,3,3,2279
1214,4.0,300000,2,2,2126
1215,1.0,70000,1,1,675
1225,20.0,200000,1,1,1160
1226,26.0,400000,2,2,1381
1227,20.0,50000,1,1,661
1241,4.0,100000,3,2,1474
1242,4.0,100000,2,3,1041
1246,20.0,60000,2,2,1004
1247,0.0,200000,3,3,1501
1249,0.0,100000,1,1,701
1253,4.0,200000,3,3,2180
1254,28.0,50000,2,2,952
1261,2.0,80000,2,1,854
1262,17.0,100000,2,1,914
1264,20.0,40000,2,2,952
1265,20.0,70000,2,2,952
1266,17.0,70000,2,2,952
1269,20.0,200000,2,3,875
1284,4.0,200000,3,3,1742
1285,20.0,50000,2,2,795
1292,17.0,200000,1,1,759
1297,20.0,90000,1,1,677
1299,6.0,70000,1,1,365
1301,8.0,100000,2,3,1108
1302,20.0,60000,2,2,952
1304,4.0,200000,2,2,1040
1311,4.0,100000,1,1,840
1312,17.0,100000,1,1,759
1316,20.0,100000,2,2,1075
1318,20.0,100000,1,1,730
1320,2.0,100000,2,2,991
1321,2.0,300000,3,3,2179
1322,20.0,200000,3,3,1587
1324,1.0,200000,3,3,1587
1326,23.0,500000,2,3,2000
1335,4.0,100000,2,3,1042
1336,20.0,200000,3,3,1942
1338,26.0,50000,1,1,657
1341,8.0,80000,1,1,567
1342,0.0,40000,1,1,389
1344,4.0,200000,2,2,1501
1361,4.0,90000,2,2,1036
1362,20.0,200000,2,3,1509
1363,6.0,60000,2,1,796
1368,8.0,400000,5,4,3294
1369,0.0,100000,1,1,706
1373,28.0,100000,1,1,638
1374,3.0,100000,3,3,2130
1385,4.0,200000,2,2,1099
1386,4.0,60000,2,1,796
1397,6.0,40000,2,2,952
1399,20.0,400000,2,3,1814
1400,20.0,100000,3,3,1472
1401,4.0,100000,3,3,1472
1402,2.0,100000,3,3,1472
1406,20.0,40000,1,1,559
1409,20.0,100000,2,2,1270
1410,0.0,200000,2,2,1746
1414,4.0,200000,2,3,1333
1416,4.0,100000,2,2,991
1422,20.0,100000,2,3,1107
1425,20.0,80000,0,3,1105
1429,20.0,200000,3,3,1846
1430,1.0,100000,1,1,840
1431,20.0,200000,1,1,1000
1441,20.0,100000,3,2,1265
1442,20.0,100000,2,3,1041
1443,20.0,200000,1,2,1125
1446,4.0,100000,1,1,376
1450,1.0,200000,3,3,1830
1452,20.0,200000,3,3,1523
1458,4.0,100000,3,3,1472
1459,20.0,100000,3,3,1472
1460,1.0,100000,2,3,1303
1462,20.0,100000,2,3,1303
1468,20.0,200000,2,2,1352
1473,20.0,200000,3,3,1466
1480,4.0,100000,1,1,528
1485,20.0,200000,2,2,928
1488,20.0,200000,1,1,494
1489,2.0,300000,2,3,1629
1490,4.0,100000,2,2,870
1491,20.0,500000,3,3,2010
1492,6.0,300000,3,2,1587
1494,20.0,100000,1,1,717
1495,20.0,200000,1,1,673
1496,6.0,300000,2,2,1188
1497,1.0,300000,2,3,1470
1498,23.0,60000,1,1,630
1500,20.0,500000,1,2,1070
1502,4.0,200000,1,1,861
1503,20.0,500000,4,3,3231
1504,0.0,200000,3,3,1736
1506,20.0,100000,2,3,1417
1508,20.0,100000,2,2,988
1514,6.0,200000,3,3,1358
1520,20.0,600000,4,4,3880
1524,6.0,400000,3,3,1730
1529,0.0,100000,1,1,592
1545,8.0,100000,1,2,928
1548,4.0,100000,2,1,750
1556,20.0,200000,2,2,938
1557,20.0,200000,2,2,1037
1558,2.0,100000,1,1,462
1559,0.0,700000,2,3,2647
1560,20.0,200000,2,2,947
1561,20.0,90000,1,1,485
1562,4.0,200000,2,2,954
1564,4.0,200000,2,2,1204
1565,4.0,300000,2,2,1354
1566,0.0,200000,2,2,1310
1568,0.0,200000,3,2,1048
1570,20.0,300000,3,2,1211
1572,20.0,100000,2,3,1026
1573,17.0,100000,2,3,1610
1575,4.0,70000,3,3,1576
1577,20.0,200000,1,2,1614
1579,8.0,200000,2,2,1394
1580,6.0,200000,2,2,1120
1581,1.0,100000,2,1,979
1582,20.0,70000,2,2,1047
1583,0.0,40000,1,1,580
1584,20.0,40000,1,1,579
1585,20.0,40000,1,1,578
1586,0.0,200000,2,2,904
1587,20.0,500000,3,3,2870
1588,6.0,80000,1,1,745
1589,20.0,100000,2,2,1144
1590,20.0,200000,2,2,1360
1591,2.0,100000,1,1,591
1593,0.0,80000,2,2,1049
1595,20.0,70000,2,2,919
1597,1.0,40000,3,2,1576
1598,20.0,900000,4,4,3493
1599,20.0,60000,2,1,734
1601,20.0,200000,2,2,917
1602,20.0,70000,1,1,610
1603,20.0,300000,2,2,1671
1604,2.0,100000,2,2,1220
1605,0.0,200000,2,3,1288
1606,20.0,200000,3,3,1837
1607,6.0,200000,1,1,711
1608,0.0,100000,2,2,604
1609,6.0,200000,2,2,1545
1610,20.0,100000,2,2,1158
1612,4.0,60000,1,1,398
1613,0.0,100000,2,3,1440
1614,0.0,200000,2,2,1188
1615,4.0,200000,3,2,1957
1616,4.0,70000,1,1,673
1617,4.0,200000,2,2,1040
1619,20.0,80000,2,2,875
1620,20.0,60000,1,1,561
1621,8.0,200000,2,2,1252
1622,20.0,200000,2,2,936
1624,2.0,100000,2,2,1010
1625,6.0,60000,2,2,848
1626,2.0,200000,2,2,1360
1628,20.0,100000,2,3,1375
1629,20.0,100000,2,3,1375
1630,2.0,100000,2,3,1375
1632,0.0,100000,2,3,1375
1634,4.0,70000,2,2,666
1635,20.0,100000,2,2,875
1636,0.0,100000,2,3,1337
1637,4.0,90000,2,1,902
1638,20.0,200000,2,2,1141
1639,20.0,50000,0,1,365
1640,4.0,100000,1,1,673
1641,20.0,100000,2,2,1158
1642,0.0,90000,2,2,940
1643,4.0,100000,2,3,1043
1644,20.0,60000,1,1,410
1645,20.0,200000,3,3,0
1646,20.0,200000,3,3,0
1648,4.0,100000,3,3,1656
1650,0.0,200000,3,3,1415
1651,20.0,200000,3,3,1119
1652,20.0,200000,3,2,1342
1653,1.0,100000,1,1,713
1658,20.0,200000,2,2,1310
1661,20.0,200000,2,3,1550
1663,0.0,100000,2,2,809
1664,0.0,100000,2,2,1158
1665,8.0,200000,2,2,1481
1666,0.0,100000,2,1,979
1668,0.0,90000,2,2,912
1671,20.0,200000,3,3,1794
1672,0.0,200000,2,2,1607
1673,0.0,100000,2,1,688
1674,0.0,200000,2,3,1304
1678,0.0,100000,3,3,0
1679,20.0,200000,2,2,820
1681,20.0,100000,2,2,815
1682,8.0,100000,2,2,1256
1683,0.0,200000,2,2,1230
1684,20.0,80000,2,2,916
1685,20.0,100000,3,3,1722
1687,6.0,700000,2,3,2458
1688,20.0,300000,2,2,1122
1689,4.0,100000,2,2,1081
1690,20.0,200000,1,1,726
1691,20.0,100000,1,1,875
1692,4.0,100000,2,2,1127
1693,4.0,700000,2,3,2458
1694,20.0,90000,1,1,669
1695,4.0,100000,2,3,1140
1697,20.0,100000,2,2,742
1698,20.0,200000,2,3,1436
1699,2.0,200000,2,3,1385
1700,0.0,200000,2,2,925
1701,0.0,100000,1,1,831
1703,20.0,90000,1,1,476
1704,20.0,80000,2,2,809
1706,20.0,200000,2,3,1718
1710,2.0,70000,2,2,891
1711,20.0,100000,1,1,887
1712,20.0,40000,1,1,739
1713,20.0,100000,2,2,922
1714,20.0,100000,2,2,995
1715,4.0,1000000,4,7,0
1716,0.0,200000,3,3,1542
1717,20.0,200000,2,3,1333
1718,20.0,200000,2,2,1036
1719,20.0,100000,2,2,842
1722,20.0,200000,3,3,0
1725,8.0,50000,2,2,1027
1731,20.0,100000,3,2,2169
1732,2.0,200000,2,2,1017
1733,20.0,200000,2,3,1388
1735,20.0,100000,2,1,979
1736,20.0,100000,2,3,1193
1737,20.0,100000,3,3,1554
1738,20.0,300000,2,2,1064
1739,20.0,300000,2,2,1064
1740,4.0,200000,2,3,1245
1741,4.0,200000,2,2,1459
1742,2.0,70000,2,1,842
1743,4.0,100000,2,2,1348
1744,32.0,300000,2,3,1404
1747,20.0,50000,2,2,780
1748,2.0,60000,1,1,376
1749,20.0,90000,2,2,983
1751,20.0,300000,3,2,1146
1752,20.0,100000,2,1,684
1754,2.0,90000,2,1,914
1755,0.0,100000,2,2,1194
1756,20.0,90000,2,2,987
1758,20.0,70000,1,1,770
1759,20.0,40000,1,1,739
1760,17.0,200000,2,2,1419
1761,6.0,200000,3,2,1797
1762,23.0,200000,2,1,1221
1763,6.0,100000,3,3,1413
1764,20.0,200000,3,3,1527
1767,20.0,80000,1,1,513
1769,1.0,50000,1,1,652
1770,0.0,100000,2,2,1220
1773,0.0,100000,1,1,853
1774,20.0,100000,2,2,1256
1776,20.0,200000,3,2,1874
1777,20.0,100000,1,1,624
1778,20.0,90000,2,2,875
1780,0.0,100000,1,1,508
1783,4.0,300000,3,4,2482
1784,6.0,100000,2,2,1004
1785,20.0,200000,2,3,1568
1786,20.0,100000,2,2,981
1787,20.0,200000,3,2,1211
1788,0.0,200000,3,3,2328
1790,4.0,200000,2,3,1395
1791,0.0,300000,3,3,1624
1792,4.0,100000,2,2,802
1795,0.0,100000,1,1,785
1797,0.0,200000,2,2,1056
1798,20.0,80000,2,2,842
1799,20.0,600000,2,2,2700
1876,20.0,300000,3,3,1558
1878,20.0,600000,3,4,1886
1880,2.0,100000,0,1,425
1886,20.0,100000,2,2,1160
1907,20.0,300000,2,2,1172
1935,0.0,100000,1,1,704
1940,1.0,200000,2,3,1326
1955,20.0,200000,2,2,1270
1956,20.0,100000,2,2,968
1962,20.0,80000,1,1,647
1979,4.0,200000,2,2,1348
1982,20.0,200000,2,3,1486
2008,0.0,400000,3,3,1632
2013,20.0,300000,2,3,1020
2016,8.0,400000,3,2,1935
2025,20.0,500000,3,3,1512
2026,4.0,200000,3,2,1100
2043,20.0,600000,4,4,2179
2050,0.0,500000,3,3,1397
2058,0.0,300000,2,2,1501
2059,4.0,400000,2,2,1701
2060,2.0,300000,3,3,1580
2061,17.0,100000,2,2,1004
2070,17.0,400000,4,3,2185
2084,17.0,100000,3,3,1300
2088,20.0,300000,2,2,1751
2097,2.0,700000,3,4,2569
2113,2.0,100000,2,2,952
2115,20.0,300000,3,4,2089
2120,4.0,700000,3,2,1743
2144,0.0,400000,3,3,2397
2150,20.0,400000,3,2,1935
2152,20.0,400000,3,2,1935
2153,20.0,400000,3,2,1935
2161,1.0,400000,4,4,2002
2167,20.0,200000,3,4,1930
2186,20.0,200000,2,1,895
2197,20.0,400000,4,3,2706
2199,4.0,400000,4,3,2604
2201,4.0,80000,3,2,1193
2205,0.0,300000,2,3,1592
2212,2.0,200000,1,1,713
2219,23.0,400000,3,3,2524
2242,20.0,300000,2,3,1408
2244,20.0,200000,2,3,1366
2257,2.0,300000,1,1,756
2270,0.0,80000,2,2,1588
2297,4.0,300000,2,3,1304
2301,1.0,200000,3,3,1523
2349,6.0,100000,2,2,952
2365,4.0,900000,1,2,1225
2378,4.0,100000,3,2,1411
2399,0.0,300000,3,3,2755
2424,20.0,200000,2,1,723
2433,20.0,400000,2,3,1800
2436,2.0,300000,3,2,1672
2489,4.0,100000,1,1,578
2499,20.0,200000,2,2,1384
2510,20.0,200000,2,2,900
2514,20.0,400000,3,3,2023
2517,0.0,500000,2,3,2228
2535,20.0,300000,3,3,2660
2539,0.0,100000,1,1,609
2540,20.0,300000,3,3,1937
2541,0.0,300000,3,3,2108
2544,20.0,300000,3,3,2033
2555,0.0,300000,3,4,2089
2561,0.0,500000,3,3,1796
2562,0.0,100000,1,1,770
2564,0.0,400000,3,3,1587
2567,0.0,400000,5,4,2843
2597,0.0,300000,3,2,976
2600,20.0,300000,3,2,1270
2601,4.0,50000,1,1,535
2604,20.0,100000,2,2,1017
2605,20.0,400000,3,3,2074
2607,20.0,500000,2,2,2022
2608,20.0,200000,2,2,1186
2620,17.0,400000,3,3,2005
2622,1.0,200000,2,3,1231
2624,20.0,200000,3,3,1966
2625,20.0,200000,3,3,1747
2627,20.0,200000,2,2,698
2629,6.0,400000,3,3,2397
2630,20.0,300000,3,2,1935
2631,20.0,300000,3,3,2377
2632,0.0,300000,3,3,2377
2633,20.0,300000,3,3,2397
2634,20.0,300000,3,3,2397
2636,4.0,200000,3,3,1523
2648,4.0,400000,1,2,1243
2650,6.0,100000,2,2,828
2655,31.0,200000,2,2,1127
2656,28.0,300000,2,2,1621
2657,4.0,100000,2,2,1270
2663,20.0,200000,2,2,1312
2674,4.0,200000,1,1,690
2675,28.0,300000,4,3,2407
2690,4.0,300000,2,3,1396
2696,4.0,100000,2,2,1432
2697,28.0,200000,2,3,1244
2706,20.0,200000,3,3,1394
2713,20.0,400000,2,2,1311
2716,6.0,100000,1,1,650
2722,20.0,200000,2,2,1119
2724,20.0,300000,1,1,784
2728,20.0,200000,2,2,1497
2734,0.0,200000,2,2,904
2735,20.0,100000,2,3,1141
2754,0.0,400000,2,3,1367
2764,2.0,100000,2,2,1196
2783,20.0,400000,2,2,1255
2787,20.0,300000,2,3,1508
2796,20.0,300000,2,2,1918
2797,20.0,100000,2,1,829
2807,0.0,200000,2,2,1408
2816,20.0,200000,2,3,1408
2818,20.0,200000,3,2,1625
2824,17.0,300000,3,3,1458
2827,0.0,200000,2,1,823
2830,4.0,100000,2,2,809
2841,17.0,700000,3,3,3295
2844,0.0,300000,1,2,946
2848,4.0,300000,3,3,1714
2850,0.0,100000,2,3,1335
2855,0.0,200000,3,3,1544
2857,20.0,200000,1,1,690
2858,17.0,100000,1,1,650
2860,20.0,100000,1,1,650
2875,17.0,200000,2,3,1594
2887,4.0,200000,4,3,2112
2894,6.0,200000,2,1,870
2895,20.0,80000,2,2,960
2896,4.0,200000,3,3,1382
2902,28.0,200000,2,2,1122
2905,4.0,200000,2,1,857
2909,20.0,500000,2,3,1909
2917,6.0,400000,3,3,2423
2922,30.0,400000,2,2,1126
2930,17.0,200000,2,1,800
2932,12.0,300000,2,2,1767
2933,25.0,300000,2,2,1767
2934,16.0,300000,3,3,2377
2943,21.0,100000,1,1,545
2953,10.0,300000,3,3,2285
2958,1.0,200000,2,2,985
2968,6.0,200000,3,3,1397
2971,4.0,100000,1,1,650
2972,1.0,100000,1,1,650
2973,4.0,500000,3,4,2036
2975,4.0,200000,3,2,1330
2984,13.0,300000,2,2,1344
2997,6.0,100000,2,2,1230
3006,20.0,400000,2,3,1579
3014,20.0,100000,3,3,1472
3015,4.0,200000,2,1,723
3028,2.0,1000000,4,4,4021
3044,0.0,100000,1,1,650
3049,4.0,100000,1,1,650
3052,4.0,100000,2,3,1208
3067,4.0,200000,1,1,720
3068,20.0,300000,1,1,1065
3069,28.0,200000,3,3,1942
3075,33.0,300000,2,3,1406
3076,4.0,300000,2,2,1228
3084,20.0,200000,2,2,1710
3086,4.0,300000,3,3,2033
3095,20.0,300000,2,3,1395
3103,28.0,300000,1,1,865
3106,20.0,80000,2,2,850
3111,8.0,400000,2,2,1255
3127,4.0,300000,1,1,980
3129,17.0,400000,1,1,852
3134,26.0,100000,2,2,802
3136,4.0,100000,3,3,1417
3138,4.0,200000,2,3,1687
3139,20.0,100000,2,3,1041
3140,3.0,300000,2,2,1421
3141,20.0,80000,1,1,594
3142,20.0,100000,2,2,729
3143,17.0,100000,2,1,647
3144,20.0,100000,1,1,875
3145,4.0,100000,2,2,1257
3146,8.0,300000,1,1,1278
3147,4.0,200000,2,2,904
3148,4.0,60000,1,1,525
3149,13.0,100000,1,2,820
3151,11.0,200000,3,2,1428
3152,11.0,300000,2,2,1450
3153,28.0,200000,3,3,1616
3155,31.0,200000,4,4,2272
3156,19.0,90000,2,2,1060
3157,27.0,100000,2,2,1426
3158,25.0,80000,3,3,1872
3159,10.0,90000,1,1,713
3161,14.0,60000,2,1,850
3162,14.0,100000,3,2,1363
3163,27.0,200000,2,2,1533
3164,25.0,60000,1,1,591
3165,30.0,50000,2,1,734
3167,27.0,200000,2,2,2246
3168,27.0,100000,2,2,1018
3169,27.0,100000,2,2,1068
3170,30.0,200000,2,3,1436
3171,4.0,100000,1,1,825
3172,4.0,100000,2,3,1325
3173,1.0,500000,4,3,3084
3174,28.0,200000,2,2,1216
3176,8.0,100000,3,2,1348
3177,4.0,400000,2,3,1631
3178,33.0,30000,1,1,499
3179,26.0,50000,1,1,565
3180,4.0,70000,2,2,968
3183,4.0,100000,2,2,900
3184,4.0,100000,3,3,1557
3185,8.0,100000,2,2,923
3186,8.0,300000,2,2,1533
3187,8.0,60000,1,1,387
3188,20.0,400000,2,2,1287
3189,6.0,100000,2,2,1018
3190,6.0,300000,1,2,1243
3191,8.0,50000,2,2,778
3192,8.0,100000,1,1,620
3193,8.0,40000,1,1,565
3194,8.0,100000,2,2,813
3195,1.0,90000,2,1,805
3196,20.0,100000,3,3,1636
3197,23.0,100000,1,1,649
3198,20.0,300000,2,2,1899
3199,18.0,100000,2,3,1041
3200,20.0,200000,2,3,1296
3201,20.0,80000,2,2,829
3202,20.0,200000,2,2,1216
3204,4.0,200000,3,3,1833
3205,18.0,70000,1,1,367
3206,4.0,100000,3,3,1579
3207,20.0,80000,2,2,916
3209,6.0,100000,3,3,1900
3210,1.0,70000,1,1,620
3211,1.0,300000,2,2,1545
3212,1.0,300000,3,3,1776
3213,20.0,300000,2,2,1582
3214,4.0,50000,2,1,793
3215,20.0,70000,1,1,620
3216,20.0,200000,2,2,1280
3217,20.0,100000,1,1,782
3218,6.0,100000,2,3,1440
3219,1.0,100000,1,1,449
3220,4.0,100000,1,1,449
3221,20.0,100000,2,2,858
3222,17.0,100000,2,1,929
3223,0.0,200000,3,3,1904
3224,6.0,200000,3,2,1125
3225,20.0,200000,2,2,1273
3226,20.0,80000,2,2,875
3227,20.0,100000,2,3,1043
3228,0.0,200000,2,2,1403
3230,20.0,90000,1,1,546
3232,20.0,90000,2,2,1009
3234,6.0,200000,2,2,938
3235,20.0,500000,3,3,2528
3241,20.0,200000,2,2,1082
3242,20.0,100000,2,1,702
3243,0.0,200000,2,1,979
3244,4.0,70000,2,1,754
3245,4.0,60000,1,1,567
3246,4.0,100000,2,1,789
3247,20.0,80000,1,1,540
3248,20.0,100000,3,2,1886
3249,20.0,100000,3,2,1253
3250,6.0,100000,1,1,569
3252,4.0,100000,2,2,1011
3255,6.0,300000,2,2,1377
3256,2.0,100000,2,3,1208
3257,20.0,100000,2,3,1440
3258,20.0,70000,3,2,967
3259,1.0,100000,2,1,979
3260,6.0,200000,2,2,1371
3261,0.0,600000,3,3,2809
3262,0.0,100000,1,1,670
3263,20.0,300000,3,3,1763
3267,0.0,200000,2,3,1383
3268,20.0,100000,1,1,646
3269,20.0,90000,1,1,600
3270,20.0,1000000,3,4,3004
3271,17.0,300000,2,3,1395
3272,20.0,100000,1,1,800
3273,20.0,100000,2,3,1038
3274,8.0,700000,5,4,4099
3275,17.0,60000,1,1,369
3276,20.0,100000,2,2,889
3277,0.0,100000,1,1,591
3278,0.0,80000,2,2,809
3279,23.0,100000,2,2,1144
3280,4.0,100000,2,2,1227
3281,8.0,200000,1,2,966
3282,20.0,200000,2,2,803
3283,6.0,200000,2,2,1147
3284,20.0,200000,2,2,836
3285,20.0,600000,3,3,2825
3286,20.0,200000,2,3,967
3287,1.0,70000,1,1,594
3288,1.0,90000,3,3,1430
3289,20.0,300000,1,1,1321
3290,1.0,200000,2,2,1202
3291,0.0,70000,2,2,1049
3292,2.0,100000,2,1,805
3293,20.0,100000,2,2,991
3294,4.0,80000,1,1,579
3295,17.0,70000,1,1,606
3296,17.0,200000,2,2,1459
3297,20.0,100000,1,1,406
3298,6.0,300000,1,2,972
3299,17.0,100000,1,1,669
3300,20.0,200000,3,3,2163
3302,20.0,100000,1,1,714
3303,20.0,100000,1,1,714
3304,20.0,100000,1,1,714
3305,20.0,100000,1,1,608
3306,20.0,100000,1,1,608
3307,20.0,100000,2,2,1026
3308,20.0,200000,2,3,1066
3310,20.0,100000,1,1,661
3311,20.0,100000,1,1,661
3312,20.0,200000,2,2,850
3313,0.0,200000,2,2,850
3314,20.0,200000,2,2,850
3315,0.0,200000,2,2,850
3316,2.0,200000,2,2,850
3317,20.0,200000,2,2,850
3318,20.0,200000,2,2,850
3319,0.0,100000,2,2,802
3320,20.0,100000,2,2,802
3321,17.0,100000,2,2,802
3322,26.0,100000,2,2,802
3323,17.0,100000,2,2,802
3324,20.0,100000,2,2,802
3325,0.0,100000,2,2,802
3326,20.0,300000,3,2,1807
3327,0.0,80000,0,1,403
3328,1.0,80000,0,1,403
3329,20.0,80000,0,1,403
3330,17.0,80000,0,1,403
3331,4.0,80000,0,1,403
3332,2.0,200000,2,2,1177
3333,20.0,80000,2,1,752
3334,20.0,100000,1,1,875
3335,6.0,100000,2,1,782
3337,4.0,300000,2,2,1294
3338,2.0,300000,3,3,2119
3339,20.0,400000,3,4,2291
3340,20.0,100000,2,2,944
3342,4.0,300000,3,3,1855
3343,4.0,60000,1,1,397
3344,4.0,100000,2,2,999
3348,20.0,100000,2,2,981
3350,2.0,100000,1,1,661
3351,20.0,100000,1,1,661
3352,20.0,100000,1,1,661
3354,4.0,100000,2,3,1107
3355,4.0,100000,2,2,924
3356,4.0,50000,1,1,626
3357,17.0,300000,3,3,2119
3358,4.0,200000,2,3,1386
3359,20.0,90000,1,1,759
3360,20.0,700000,2,3,2334
3361,4.0,80000,3,2,1352
3362,4.0,100000,2,2,1020
3363,1.0,70000,3,3,1362
3364,20.0,200000,2,2,1072
3365,20.0,200000,3,3,1621
3366,20.0,70000,2,2,968
3367,1.0,300000,3,3,1520
3368,4.0,80000,1,1,737
3369,20.0,50000,2,1,788
3370,6.0,60000,1,1,565
3371,1.0,400000,2,2,1213
3373,4.0,800000,3,4,2803
3374,6.0,200000,2,3,1251
3375,20.0,100000,2,2,955
3376,17.0,30000,1,1,518
3378,,1000000,3,4,3597
3379,,60000,2,3,1170
3380,,100000,2,2,1194
3382,,70000,2,2,853
3383,,100000,1,1,784
3384,,100000,2,2,908
3385,,400000,3,3,2028
3386,,200000,3,2,1101
3387,,200000,3,3,1544
3388,,1000000,3,3,3060
3389,,90000,2,2,1010
3390,,100000,2,2,1037
3391,,100000,1,1,701
3392,,200000,2,1,756
3393,,100000,3,3,1682
3395,,300000,2,2,1800
3396,,100000,2,3,1143
3397,,500000,2,2,1338
3398,,200000,2,3,1423
3399,,300000,2,2,1028
3402,,10000,0,0,0
3428,,200000,3,3,1727
3432,,200000,2,2,1501
3446,,400000,2,2,1111
3509,,300000,2,3,1486
3514,,500000,2,3,1960
3532,,300000,2,2,1138
3547,,200000,2,3,1141
3549,,200000,2,3,1056
3565,,100000,2,2,952
3578,,800000,3,3,2876
3586,,100000,1,1,799
3590,,200000,2,3,1234
3611,,1000000,2,2,1609
3618,,200000,2,1,988
3629,,200000,2,3,1142
3633,,200000,2,1,647
3637,,300000,3,3,1987
3642,,300000,2,2,1107
3647,,200000,2,3,1280
3660,,400000,3,3,1898
3718,,400000,3,3,2023
3725,,200000,1,1,669
3736,,400000,3,2,1935
3737,,400000,3,2,1935
3738,,300000,3,2,1272
3767,,200000,2,1,922
3779,,400000,3,3,1704
3847,,200000,1,1,831
3850,,700000,2,2,1884
3871,,100000,1,2,1127
3872,,100000,1,1,650
3890,,500000,3,4,1979
3891,,200000,2,3,1386
3901,,600000,2,3,2500
3911,,1000000,6,4,3800
3922,,90000,2,2,959
3928,,100000,1,1,650
3937,,100000,3,3,1351
3941,,400000,3,3,2263
3948,,100000,1,1,717
3952,,100000,1,1,573
3969,,200000,2,2,1194
3974,,100000,3,3,1320
3977,,100000,2,2,1160
3994,,200000,2,2,1008
4010,,200000,2,2,1200
4056,,200000,1,1,634
4074,,300000,2,2,910
4079,,200000,2,2,1194
4089,,400000,3,3,1683
4111,,2000000,0,0,0
4112,,400000,1,2,972
4138,,400000,3,3,1661
4149,,300000,3,3,1500
4157,,300000,3,3,1578
4160,,200000,2,3,1486
4161,,200000,2,3,1486
4166,,500000,3,3,1846
4175,,100000,2,2,829
4176,,300000,2,3,1725
4177,,200000,2,3,1042
4183,,100000,2,2,829
4188,,200000,1,1,445
4200,,200000,2,3,1443
4203,,200000,2,3,1480
4228,,200000,2,3,1407
4235,,300000,3,3,1690
4257,,300000,3,3,1690
4300,,300000,2,1,689
4307,,200000,3,3,1665
4309,,60000,2,2,952
4310,,200000,3,2,1610
4315,,100000,1,1,579
4316,,50000,2,2,952
4323,,100000,2,2,912
4329,,400000,2,3,1447
4330,,100000,2,2,1432
4337,,100000,2,3,1308
4341,,50000,2,1,796
4343,,300000,2,2,1790
4345,,50000,2,2,952
4346,,400000,3,3,2106
4350,,100000,3,3,1356
4354,,70000,2,2,968
4355,,100000,1,1,494
4356,,300000,2,2,939
4357,,300000,3,2,1632
4358,,200000,1,1,547
4359,,200000,2,3,1612
4360,,200000,1,1,706
4361,,200000,2,1,979
4366,,200000,2,3,1097
4367,,100000,2,3,1042
4368,,500000,4,3,2633
4371,,200000,2,1,918
4373,,100000,2,2,988
4375,,300000,2,2,1155
4376,,500000,3,3,2085
4378,,100000,2,2,875
4384,,80000,2,2,854
4385,,70000,2,2,952
4389,,200000,2,3,1407
4390,,200000,2,1,798
4393,,100000,3,3,1219
4395,,100000,3,2,1996
4396,,200000,2,3,1509
4397,,60000,2,1,796
4402,,400000,5,4,3294
4406,,40000,1,1,559
4408,,200000,1,1,1160
4410,,100000,2,3,1317
4412,,100000,2,3,1020
4413,,50000,2,2,802
4419,,100000,2,2,1270
4420,,200000,2,2,1746
4423,,200000,2,2,1746
4425,,400000,3,3,1671
4426,,400000,3,3,1665
4431,,100000,2,2,991
4435,,100000,1,1,840
4436,,200000,1,1,1000
4440,,100000,2,1,914
4442,,40000,2,2,952
4443,,70000,2,2,952
4444,,70000,2,2,952
4447,,200000,2,3,875
4450,,100000,1,1,579
4453,,100000,2,3,1371
4455,,100000,2,2,1036
4457,,200000,2,3,1395
4458,,200000,2,3,1372
4460,,200000,3,2,1300
4462,,300000,1,1,944
4466,,400000,3,3,1735
4467,,100000,2,2,916
4468,,100000,2,3,1309
4469,,60000,2,2,952
4470,,100000,2,3,1303
4478,,200000,3,3,1736
4480,,300000,1,1,728
4483,,100000,2,3,1282
4494,,100000,1,1,638
4495,,100000,3,3,2130
4505,,100000,2,3,1108
4506,,60000,2,2,952
4508,,200000,2,2,1040
4511,,100000,2,2,991
4512,,300000,3,3,2179
4513,,200000,3,3,1587
4515,,200000,3,3,1587
4517,,500000,2,3,2000
4523,,100000,3,2,1474
4524,,100000,2,3,1041
4526,,100000,2,2,1316
4528,,40000,2,2,952
4533,,200000,2,2,1076
4537,,100000,2,2,964
4538,,100000,2,2,1194
4539,,100000,2,2,1047
4540,,200000,2,2,1276
4541,,100000,1,1,610
4542,,200000,2,2,1350
4543,,200000,3,3,1551
4544,,200000,2,2,1350
4545,,90000,2,2,1072
4546,,500000,2,2,1341
4547,,200000,0,1,638
4548,,300000,3,2,1774
4550,,200000,2,3,1466
4551,,60000,2,2,977
4552,,200000,3,2,1559
4553,,100000,1,2,1127
4554,,80000,2,2,1246
4555,,300000,2,2,1509
4556,,100000,2,3,1116
4557,,100000,2,2,1057
4558,,400000,3,3,2297
4559,,200000,3,2,1539
4560,,300000,3,2,1270
4561,,50000,1,1,535
4562,,50000,2,1,801
4563,,100000,2,2,967
4564,,100000,1,1,652
4565,,600000,2,2,1210
4566,,400000,2,3,1582
4568,,1000000,2,3,2498
4569,,300000,2,2,1288
4570,,70000,2,2,928
4571,,400000,3,2,1743
4572,,200000,1,2,1127
4573,,200000,2,3,1398
4574,,200000,2,3,1335
4575,,100000,2,2,875
4576,,200000,2,2,1356
4577,,500000,3,3,3129
4578,,100000,3,2,1705
4579,,600000,3,4,3490
4580,,60000,1,1,565
4581,,200000,2,2,1183
4582,,100000,1,1,557
4583,,200000,2,2,852
4584,,90000,2,2,1049
4585,,300000,2,2,1111
4586,,200000,2,2,922
4587,,80000,2,2,836
4588,,300000,3,3,2035
4589,,200000,2,1,851
4590,,90000,2,1,1032
4591,,200000,1,1,640
4592,,200000,2,2,1147
4593,,200000,2,1,1002
4594,,100000,2,2,829
4595,,100000,1,1,685
4596,,700000,3,4,2699
4597,,200000,2,3,1550
4598,,500000,3,3,2000
4599,,2000000,3,5,6260
4600,,200000,2,3,1375
4601,,100000,2,1,805
4602,,400000,3,3,2214
4603,,400000,2,2,1164
4604,,300000,1,1,756
4606,,100000,2,2,1148
4607,,600000,2,2,1867
4608,,90000,2,2,1072
4609,,200000,3,3,1651
4610,,100000,2,2,875
4611,,200000,2,2,1353
4612,,80000,2,2,829
4613,,100000,1,1,780
4614,,500000,2,2,1537
4615,,300000,2,2,1045
4616,,100000,3,2,1708
4617,,600000,2,2,1872
4618,,100000,3,2,1474
4619,,200000,2,2,1230
4620,,200000,2,3,1151
4621,,100000,1,1,555
4622,,100000,1,1,602
4625,,300000,3,3,1475
4626,,80000,2,2,1180
4627,,300000,2,2,1478
4628,,200000,2,3,1397
4636,,200000,1,1,674
4637,,200000,3,3,1942
4638,,200000,2,3,1376
4639,,600000,2,2,1506
4640,,100000,3,2,1005
4643,,200000,2,2,982
4644,,300000,2,2,1823
4645,,100000,3,2,1362
4648,,200000,2,2,1180
4650,,100000,1,1,415
4651,,200000,2,2,820
4652,,100000,2,1,1140
4653,,200000,3,2,1428
4654,,300000,3,3,2162
4655,,90000,1,1,600
4656,,70000,2,2,823
4657,,100000,4,2,2130
4658,,200000,2,2,885
4659,,80000,2,2,1138
4660,,60000,0,1,365
4667,,400000,2,3,1548
4668,,100000,2,2,829
4676,,200000,2,2,1234
4677,,90000,1,1,378
4678,,60000,1,1,565
4679,,100000,3,2,1300
4680,,300000,2,3,1579
4681,,300000,2,3,1312
4682,,50000,1,1,499
4683,,200000,3,3,1552
4684,,200000,2,2,1509
4685,,100000,1,1,676
4686,,300000,2,2,1294
4687,,200000,3,3,1170
4688,,80000,2,2,1056
4689,,90000,2,2,924
4690,,700000,2,3,2458
4691,,200000,2,3,1068
4692,,200000,2,2,1041
4694,,90000,2,1,616
4695,,300000,2,2,2983
4696,,200000,2,2,0
4697,,60000,1,1,655
4698,,40000,1,1,550
4699,,100000,2,3,1101
4700,,200000,3,3,1718
4701,,100000,0,1,509
4702,,200000,2,1,774
4703,,100000,3,2,1334
4715,,100000,3,2,1265
4716,,100000,2,3,1041
4717,,200000,1,2,1125
4720,,100000,1,1,376
4724,,200000,3,3,1830
4726,,100000,1,1,576
4727,,60000,2,2,952
4729,,80000,1,1,815
4730,,70000,2,2,918
4736,,500000,3,3,2000
4740,,100000,1,1,425
4742,,60000,1,1,579
4743,,400000,3,3,2010
4745,,100000,1,1,482
4748,,80000,1,1,785
4751,,600000,4,4,3880
4755,,200000,3,3,2018
4758,,50000,1,1,441
4760,,200000,2,3,1103
4765,,100000,1,1,425
4766,,200000,1,1,660
4770,,100000,2,2,1043
4775,,200000,2,2,1456
4780,,90000,2,2,917
4782,,50000,1,1,657
4785,,300000,2,3,2045
4790,,200000,3,3,1523
4798,,100000,2,3,1108
4799,,700000,2,3,2458
4800,,200000,2,2,1068
4801,,300000,3,2,1602
4802,,200000,2,2,1713
4803,,100000,1,1,759
4815,,200000,2,3,1937
4816,,100000,1,2,1190
4820,,100000,2,2,1270
4821,,100000,1,1,713
4823,,70000,1,1,713
4826,,200000,2,2,1085
4831,,200000,3,2,1329
4840,,100000,3,2,1356
4846,,200000,1,1,565
4852,,50000,3,3,1236
4858,,90000,1,1,633
4859,,200000,2,2,1456
4861,,1000000,3,4,3170
4864,,100000,1,1,576
4865,,100000,2,2,1091
4866,,400000,2,3,1631
4867,,200000,1,1,994
4871,,200000,1,1,747
4872,,100000,2,2,1148
4873,,200000,1,1,711
4874,,200000,2,2,1257
4875,,300000,3,3,1891
4876,,200000,1,1,638
4881,,100000,1,1,545
4882,,400000,3,3,1598
4883,,300000,3,3,1793
4884,,200000,3,3,1312
4885,,200000,3,3,1575
4886,,300000,2,2,1083
4887,,200000,3,3,1350
4888,,100000,3,2,1156
4889,,300000,2,2,1028
4890,,300000,2,2,1028
4891,,200000,2,3,1817
4892,,200000,2,2,1031
4893,,200000,1,1,711
4894,,100000,1,1,589
4895,,200000,2,2,1252
4896,,90000,2,2,1068
4897,,200000,2,3,1204
4898,,200000,2,3,1160
4899,,200000,2,3,1395
4900,,60000,1,1,582
4901,,200000,3,2,1650
4902,,90000,2,2,1136
4903,,200000,3,3,1413
4904,,300000,2,2,1105
4905,,200000,3,2,1807
4906,,90000,2,3,1101
4907,,200000,2,2,1107
4909,,60000,2,2,938
4910,,90000,2,2,1099
4911,,80000,2,2,1056
4912,,60000,2,2,663
4913,,200000,3,3,1552
4914,,200000,3,3,1552
4915,,200000,3,3,1552
4916,,200000,3,3,1791
4917,,200000,3,3,1791
4918,,200000,2,3,1754
4919,,100000,2,2,1176
4920,,60000,1,1,594
4921,,70000,2,1,829
4922,,200000,2,2,837
4923,,70000,2,3,1043
4924,,200000,3,3,0
4925,,200000,3,3,1523
4926,,50000,1,1,770
4928,,600000,3,3,0
4929,,300000,3,2,1146
4930,,300000,4,3,2264
4931,,100000,2,2,1432
4932,,200000,3,3,1549
4933,,70000,1,1,770
4934,,200000,2,2,1106
4935,,200000,2,2,970
4936,,90000,2,2,1103
4937,,100000,2,2,982
4938,,80000,2,2,1056
4939,,90000,3,3,1579
4940,,90000,2,2,1432
4941,,200000,2,2,1283
4942,,50000,1,1,770
4943,,100000,2,2,992
4944,,60000,1,1,631
4945,,500000,5,4,3112
4946,,70000,2,1,805
4947,,200000,3,2,1160
4948,,200000,2,2,971
4949,,100000,2,3,1202
4950,,200000,4,3,2290
4951,,200000,4,4,2695
4952,,100000,3,3,1480
4953,,100000,2,3,1116
4954,,300000,4,3,2721
4956,,100000,1,1,436
4957,,90000,2,2,967
4958,,300000,3,2,1454
4959,,100000,2,1,818
4960,,800000,3,4,3171
4961,,100000,3,3,1982
4962,,200000,2,3,1266
4963,,60000,2,2,0
4964,,200000,3,3,1579
4965,,70000,2,2,923
4966,,80000,2,2,1056
4967,,100000,2,3,1116
4968,,500000,4,4,2223
4969,,70000,2,2,1138
4970,,200000,3,3,1413
4971,,100000,2,2,1194
4972,,100000,2,2,977
4973,,100000,2,3,1304
4974,,100000,2,2,1047
4975,,100000,3,2,1363
4976,,200000,3,3,0
4977,,100000,1,1,824
4978,,90000,2,2,1004
4979,,100000,2,2,999
4982,,100000,3,2,1242
4983,,200000,2,2,1188
4986,,200000,2,2,1335
4987,,100000,1,1,735
4988,,400000,1,2,1395
4989,,90000,2,2,924
4990,,100000,1,1,840
4991,,100000,2,2,1027
4992,,100000,2,2,1010
4993,,200000,2,3,1443
4994,,200000,2,3,1304
4995,,200000,2,2,1355
4997,,100000,2,2,1080
5003,,200000,2,2,1099
5004,,60000,2,1,796
5007,,100000,2,2,1075
5009,,100000,1,1,730
5016,,100000,2,3,1042
5027,,40000,2,2,952
5029,,400000,3,3,1730
5034,,300000,1,1,754
5037,,100000,1,1,592
5057,,100000,1,2,928
5060,,100000,2,1,750
5066,,200000,1,1,694
5067,,200000,2,2,1453
5080,,200000,2,2,968
5084,,200000,0,0,0
5125,,400000,2,3,1622
5151,,300000,2,2,900
5154,,300000,3,3,1532
5160,,100000,2,2,1091
5169,,200000,1,1,698
5176,,300000,3,3,1793
5183,,200000,2,2,1100
5188,,100000,1,1,535
5189,,200000,4,2,1805
5192,,200000,2,2,981
5193,,200000,2,3,1142
5196,,400000,2,2,1111
5197,,80000,0,0,0
5198,,80000,0,0,0
5199,,80000,0,0,0
5200,,300000,2,2,1283
5201,,80000,1,1,567
5202,,100000,2,2,807
5203,,300000,1,1,1180
5204,,100000,2,2,1168
5205,,200000,2,3,0
5206,,200000,2,2,1650
5208,,40000,1,1,400
5209,,100000,2,2,1080
5210,,100000,2,2,740
5211,,200000,3,3,1906
5212,,100000,3,3,0
5213,,300000,2,3,1579
5214,,300000,2,3,1579
5215,,90000,2,2,1170
5216,,60000,1,1,655
5217,,100000,2,2,930
5218,,100000,2,2,943
5219,,100000,1,1,740
5220,,200000,2,2,1007
5221,,300000,2,2,1028
5222,,90000,2,2,1049
5223,,100000,2,2,1048
5224,,200000,3,3,1281
5225,,200000,2,3,0
5226,,100000,2,2,942
5227,,70000,1,1,0
5228,,70000,1,2,954
5229,,200000,3,3,0
5230,,200000,2,2,0
5231,,200000,2,2,1280
5232,,200000,2,2,738
5233,,70000,2,2,1194
5234,,200000,2,2,1147
5236,,50000,1,1,770
5237,,90000,3,2,1427
5238,,100000,2,2,1026
5239,,90000,2,3,1099
5240,,60000,2,1,808
5241,,700000,3,5,4187
5242,,300000,2,2,2004
5243,,90000,2,2,843
5244,,80000,2,2,1194
5245,,200000,1,1,600
5247,,80000,2,2,1194
5248,,200000,2,2,1106
5249,,100000,2,2,1134
5250,,200000,2,1,910
5253,,200000,2,2,1160
5254,,40000,1,1,0
5255,,60000,2,2,939
5256,,90000,3,2,1427
5257,,200000,2,3,2525
5258,,200000,1,1,925
5259,,80000,2,2,1194
5260,,100000,3,3,1480
5261,,60000,1,1,582
5262,,80000,2,2,1432
5263,,300000,2,2,1117
5264,,200000,2,2,744
5265,,300000,3,3,1525
5266,,80000,2,2,678
5267,,60000,1,1,0
5268,,100000,3,3,1861
5269,,100000,3,3,1861
5270,,200000,3,3,1982
5271,,100000,3,3,1552
5272,,50000,1,1,924
5273,,90000,2,2,1091
5274,,70000,2,2,1060
5275,,40000,1,1,399
5277,,50000,1,1,636
5278,,200000,2,3,1797
5279,,90000,2,3,1280
5280,,200000,3,2,1807
5281,,50000,1,1,582
5282,,70000,1,1,745
5283,,200000,1,2,796
5284,,300000,3,2,1774
5286,,200000,2,3,1466
5287,,60000,2,2,977
5288,,80000,2,3,1101
5289,,200000,1,2,1620
5290,,50000,2,2,968
5291,,80000,2,2,828
5292,,300000,3,3,1724
5293,,50000,1,1,630
5294,,90000,3,2,1146
5295,,300000,2,3,2000
5296,,200000,2,2,930
5297,,50000,1,2,786
5298,,100000,2,2,1410
5299,,60000,2,1,808
5300,,70000,2,1,829
5301,,70000,2,3,1043
5302,,30000,1,1,399
5303,,100000,3,3,1711
5304,,90000,2,2,905
5305,,200000,2,1,823
5306,,100000,2,2,1169
5307,,300000,2,2,1028
5308,,200000,3,3,1682
5309,,50000,2,2,968
5310,,100000,2,2,0
5312,,200000,2,3,0
5313,,100000,2,1,0
5314,,200000,2,2,1490
5315,,90000,2,2,891
5316,,100000,2,1,825
5317,,100000,2,2,832
5319,,100000,1,2,699
5320,,200000,2,2,1081
5321,,100000,2,1,744
5322,,60000,2,2,792
5323,,200000,2,2,1771
5324,,200000,3,3,1654
5325,,200000,2,2,1230
5326,,100000,2,2,1095
5327,,200000,2,2,1302
5328,,100000,2,2,929
5330,,100000,2,1,758
5331,,100000,2,2,822
5332,,100000,2,2,1003
5333,,70000,2,1,513
5334,,100000,1,1,851
5335,,200000,2,2,973
5336,,100000,2,2,1311
5339,,70000,2,2,833
5340,,90000,2,2,1049
5341,,60000,1,1,394
5342,,90000,2,2,1060
5344,,100000,2,4,1207
5346,,50000,1,1,790
5347,,100000,2,2,820
5348,,100000,2,1,715
5353,,80000,2,2,1316
5355,,100000,2,2,1050
5356,,300000,3,3,1850
5357,,100000,2,2,803
5358,,80000,1,1,743
5359,,100000,3,3,1453
5361,,200000,2,3,1167
5362,,100000,2,1,809
5363,,400000,4,3,2651
5364,,70000,3,3,1526
5366,,100000,2,2,788
5367,,100000,2,1,985
5368,,200000,2,2,1513
5369,,200000,2,3,1296
5370,,60000,1,1,405
5371,,200000,2,3,1304
5373,,100000,3,2,1360
5374,,100000,2,2,930
5375,,100000,2,2,936
5376,,90000,2,2,663
5377,,200000,2,2,1836
5379,,60000,1,1,586
5382,,100000,2,2,815
5383,,300000,3,3,1898
5384,,100000,2,2,936
5385,,100000,2,2,967
5386,,100000,2,1,979
5387,,100000,1,1,711
5388,,200000,2,3,1146
5389,,100000,1,1,820
5390,,100000,2,1,972
5391,,80000,2,2,847
5392,,70000,1,1,560
5393,,70000,2,2,917
5395,,200000,2,2,1371
5396,,200000,2,2,820
5397,,100000,3,2,1336
5399,,100000,2,2,0
5409,,400000,3,3,2023
5414,,300000,3,3,1736
5415,,300000,2,2,1329
5420,,400000,2,4,2211
5472,,80000,1,1,555
5473,,100000,2,2,1050
5475,,100000,2,2,882
5477,,200000,2,2,1191
5479,,200000,2,2,1141
5480,,50000,0,1,365
5481,,100000,1,1,673
5482,,100000,2,2,1158
5483,,90000,2,2,940
5484,,100000,2,3,1043
5485,,60000,1,1,410
5486,,200000,3,3,0
5487,,200000,3,3,0
5488,,100000,1,1,853
5489,,100000,2,2,1256
5491,,200000,3,2,1874
5492,,100000,1,1,624
5493,,90000,2,2,875
5495,,100000,1,1,508
5498,,300000,3,4,2482
5499,,100000,2,2,1004
5500,,200000,2,3,1568
5501,,100000,2,2,981
5502,,200000,3,2,1211
5503,,200000,3,3,2328
5506,,200000,1,2,1614
5508,,200000,2,2,1394
5509,,80000,1,1,745
5510,,100000,2,2,1144
5511,,200000,2,2,1360
5512,,100000,1,1,591
5514,,80000,2,2,1049
5516,,70000,2,2,919
5518,,40000,3,2,1576
5519,,100000,2,3,1440
5520,,200000,2,2,1188
5521,,200000,3,2,1957
5522,,70000,1,1,673
5523,,200000,2,2,1040
5525,,80000,2,2,875
5526,,200000,2,3,1395
5527,,60000,1,1,561
5528,,200000,2,2,1252
5529,,200000,2,2,936
5530,,50000,0,1,373
5531,,100000,2,2,1020
5532,,100000,1,1,831
5533,,200000,2,2,1533
5534,,60000,1,1,399
5535,,100000,3,3,1496
5536,,90000,2,1,935
5540,,200000,2,2,786
5541,,200000,2,2,1012
5542,,200000,2,2,1017
5543,,600000,2,2,2700
5544,,400000,3,4,3172
5545,,200000,2,2,1144
5546,,200000,2,2,1459
5547,,100000,2,2,948
5548,,200000,2,2,813
5549,,300000,1,2,972
5550,,300000,1,2,972
5551,,80000,3,3,1750
5552,,300000,1,2,972
5553,,300000,1,2,972
5554,,100000,2,2,1060
5555,,100000,2,2,718
5556,,90000,3,2,1118
5558,,200000,1,1,972
5560,,100000,2,1,985
5561,,200000,2,3,1262
5562,,300000,3,3,1624
5563,,100000,2,2,802
5566,,100000,1,1,785
5568,,200000,2,2,1056
5569,,80000,2,2,842
5570,,100000,2,1,812
5571,,200000,1,1,600
5572,,200000,1,1,600
5573,,100000,2,2,1432
5574,,100000,2,3,1526
5575,,90000,1,1,712
5576,,300000,3,2,1807
5577,,1000000,2,3,2494
5578,,200000,2,2,1027
5579,,100000,1,1,788
5584,,60000,1,1,398
5585,,300000,2,3,1629
5586,,100000,2,2,1099
5587,,200000,2,3,1261
5588,,80000,2,2,832
5589,,90000,2,2,1144
5590,,200000,2,2,1172
5591,,200000,2,2,1316
5592,,100000,2,2,742
5594,,200000,2,3,1353
5595,,100000,1,1,831
5597,,90000,1,1,476
5598,,80000,2,2,809
5600,,200000,2,3,1718
5605,,100000,2,3,1375
5606,,100000,2,3,1375
5607,,100000,2,3,1375
5609,,100000,2,3,1375
5611,,70000,2,2,666
5612,,100000,2,2,875
5613,,100000,2,3,1337
5614,,90000,2,1,902
5615,,200000,2,2,1120
5616,,100000,2,1,979
5617,,70000,2,2,1047
5618,,40000,1,1,580
5619,,40000,1,1,579
5620,,40000,1,1,578
5621,,200000,2,2,904
5622,,500000,3,3,2870
5623,,100000,2,2,1158
5624,,200000,2,2,1481
5625,,100000,2,1,979
5627,,90000,2,2,912
5630,,200000,3,3,1794
5631,,200000,2,2,1607
5632,,100000,2,1,688
5633,,200000,2,3,1304
5637,,100000,3,3,0
5638,,90000,1,1,485
5639,,200000,2,2,954
5641,,200000,2,2,1204
5642,,300000,2,2,1354
5643,,200000,2,2,1310
5644,,900000,4,4,3493
5645,,60000,2,1,734
5647,,200000,2,2,917
5648,,70000,1,1,610
5649,,300000,2,2,1671
5650,,100000,2,2,1220
5651,,200000,2,3,1288
5652,,200000,3,3,1837
5653,,200000,1,1,711
5654,,100000,2,2,604
5655,,200000,2,2,1545
5656,,100000,2,2,1158
5658,,60000,1,1,398
5659,,200000,2,2,938
5660,,200000,2,2,1037
5661,,100000,1,1,462
5662,,700000,2,3,2647
5663,,200000,2,2,947
5665,,100000,2,2,1010
5666,,60000,2,2,848
5667,,200000,2,2,1360
5668,,200000,3,2,1797
5669,,200000,2,1,1221
5670,,100000,3,3,1413
5671,,70000,2,2,891
5672,,100000,1,1,887
5673,,40000,1,1,739
5674,,100000,2,2,922
5675,,100000,2,2,995
5676,,1000000,4,7,0
5677,,200000,3,3,1542
5678,,200000,2,3,1333
5679,,200000,2,2,1036
5680,,200000,2,3,1385
5681,,200000,2,2,925
5682,,200000,2,2,820
5684,,100000,2,2,815
5685,,100000,2,2,1256
5686,,200000,2,2,1230
5687,,100000,1,1,806
5689,,200000,2,3,1245
5690,,100000,3,4,2192
5691,,200000,1,1,726
5692,,100000,1,1,875
5693,,80000,2,2,916
5694,,100000,3,3,1722
5696,,700000,2,3,2458
5697,,300000,2,2,1122
5698,,100000,2,2,1081
5703,,200000,2,2,1310
5705,,400000,2,3,2034
5706,,200000,2,2,804
5707,,90000,2,2,985
5709,,100000,2,2,966
5710,,80000,2,2,853
5711,,100000,2,1,821
5713,,200000,2,3,1550
5715,,100000,2,2,809
5716,,100000,2,2,1127
5717,,700000,2,3,2458
5718,,90000,1,1,669
5719,,100000,2,3,1140
5721,,100000,2,2,742
5722,,200000,2,3,1436
5727,,50000,2,2,1027
5733,,70000,2,1,842
5734,,100000,2,2,1348
5735,,300000,2,3,1404
5739,,100000,2,2,1020
5740,,200000,3,3,2100
5741,,90000,2,1,805
5742,,200000,2,2,1868
5743,,200000,2,2,1106
5744,,300000,3,3,2756
5745,,100000,2,3,1193
5746,,200000,1,1,600
5747,,100000,1,1,674
5749,,200000,2,2,1174
5750,,70000,2,2,917
5751,,90000,1,1,638
5752,,100000,2,2,875
5754,,100000,3,2,1886
5755,,70000,2,1,876
5756,,2000000,3,4,3872
5757,,300000,2,2,1492
5758,,90000,2,2,844
5759,,100000,1,1,895
5760,,200000,3,3,2475
5761,,100000,3,2,1250
5762,,400000,4,3,2328
5763,,300000,3,3,2280
5764,,100000,2,2,699
5765,,100000,2,1,829
5766,,70000,2,2,1011
5767,,300000,2,2,1459
5768,,100000,2,3,1158
5769,,200000,2,2,842
5770,,90000,1,1,582
5771,,200000,2,2,978
5772,,100000,2,2,951
5773,,80000,3,2,609
5774,,90000,3,2,1234
5775,,200000,2,2,1144
5777,,100000,2,3,1103
5778,,100000,3,3,1399
5779,,100000,3,3,1684
5780,,60000,1,1,399
5781,,100000,3,2,1340
5782,,300000,1,1,1063
5783,,300000,3,2,1146
5784,,300000,3,2,1146
5785,,200000,1,1,711
5786,,400000,3,3,2118
5787,,100000,2,2,1220
5788,,200000,3,2,1277
5789,,70000,1,1,751
5790,,100000,1,1,646
5791,,100000,3,3,1408
5792,,200000,2,2,0
5793,,300000,3,3,2020
5794,,300000,3,3,111
5795,,40000,2,2,1027
5796,,100000,2,1,979
5797,,300000,1,1,961
5799,,100000,2,2,969
5805,,500000,4,3,1922
5814,,200000,3,3,1617
5816,,80000,1,1,658
5825,,1000000,3,3,2000
5846,,300000,0,0,0
5847,,300000,0,0,0
5850,,300000,0,0,0
5852,,800000,3,3,2876
5860,,100000,1,1,799
5864,,200000,2,3,1234
5898,,300000,2,3,1486
5904,,300000,2,2,1107
5909,,200000,2,3,1280
5922,,400000,3,3,1898
5935,,300000,2,2,1138
5986,,300000,2,2,1172
5988,,200000,2,2,1501
6001,,200000,2,2,2246
6002,,100000,2,2,1018
6003,,400000,2,3,1631
6004,,30000,1,1,499
6005,,50000,1,1,565
6006,,70000,2,2,968
6009,,100000,2,2,900
6010,,600000,3,3,2809
6011,,100000,1,1,670
6012,,300000,3,3,1763
6016,,200000,2,3,1383
6017,,100000,1,1,646
6018,,90000,1,1,600
6019,,100000,2,2,1018
6020,,300000,1,2,1243
6021,,50000,2,2,778
6022,,100000,1,1,620
6023,,40000,1,1,565
6024,,100000,2,2,813
6025,,90000,2,1,805
6026,,100000,3,3,1636
6027,,100000,1,1,649
6028,,300000,2,2,1899
6029,,100000,2,3,1041
6030,,200000,2,3,1296
6031,,1000000,3,4,3004
6032,,300000,2,3,1395
6033,,100000,1,1,800
6034,,100000,2,3,1038
6035,,700000,5,4,4099
6036,,60000,1,1,369
6037,,100000,2,2,889
6038,,100000,1,1,591
6039,,80000,2,2,809
6040,,100000,2,2,1144
6041,,100000,2,2,1227
6042,,200000,1,2,966
6043,,200000,2,2,803
6044,,200000,2,2,1147
6045,,200000,2,2,836
6046,,600000,3,3,2825
6047,,200000,2,3,967
6048,,70000,1,1,594
6049,,90000,3,3,1430
6050,,300000,1,1,1278
6051,,200000,2,2,904
6052,,60000,1,1,525
6053,,100000,1,2,820
6055,,200000,3,2,1428
6056,,300000,2,2,1450
6057,,200000,3,3,1616
6059,,200000,4,4,2272
6060,,90000,2,2,1060
6061,,100000,2,2,1426
6062,,80000,3,3,1872
6063,,90000,1,1,713
6065,,60000,2,1,850
6066,,100000,2,2,1068
6067,,200000,2,3,1436
6068,,100000,1,1,825
6069,,100000,2,3,1325
6070,,500000,4,3,3084
6071,,200000,2,2,1216
6073,,100000,3,2,1348
6074,,100000,3,3,1557
6075,,100000,2,2,923
6076,,300000,2,2,1533
6077,,60000,1,1,387
6078,,400000,2,2,1287
6079,,70000,2,1,752
6080,,100000,2,3,1136
6081,,300000,3,3,1776
6082,,300000,3,3,1915
6083,,300000,3,3,1845
6084,,200000,2,2,1467
6086,,300000,3,3,1776
6092,,200000,2,2,1459
6093,,300000,3,3,2162
6094,,400000,2,2,1325
6095,,200000,2,2,991
6098,,100000,3,3,1413
6099,,60000,0,1,373
6101,,200000,3,3,1518
6102,,80000,2,2,829
6103,,200000,2,2,1216
6105,,200000,3,3,1833
6106,,70000,1,1,367
6107,,100000,3,3,1579
6109,,100000,2,2,829
6119,,100000,2,2,1037
6120,,100000,1,1,701
6121,,200000,2,1,756
6122,,100000,3,3,1682
6124,,300000,2,2,1800
6125,,100000,2,3,1143
6126,,500000,2,2,1338
6127,,200000,2,3,1423
6128,,300000,2,2,1028
6129,,80000,1,1,634
6130,,60000,2,2,1004
6131,,100000,3,3,1552
6132,,100000,3,3,1552
6133,,70000,1,1,762
6134,,70000,2,1,930
6135,,80000,3,2,967
6136,,40000,1,1,609
6137,,300000,2,3,2127
6138,,300000,1,2,1216
6139,,80000,2,2,1049
6140,,600000,2,2,1569
6141,,300000,2,2,1633
6142,,100000,2,3,1259
6143,,200000,2,2,1017
6144,,60000,2,2,554
6145,,100000,2,2,734
6146,,500000,4,4,3095
6147,,100000,3,2,1620
6149,,100000,3,2,1253
6150,,100000,1,1,569
6152,,100000,2,2,1011
6155,,300000,2,2,1377
6156,,100000,2,3,1208
6157,,100000,2,3,1440
6158,,70000,3,2,967
6159,,100000,2,1,979
6160,,200000,2,2,1371
6161,,60000,2,2,982
6162,,1000000,4,4,3933
6163,,200000,3,3,1733
6164,,200000,2,2,925
6165,,100000,2,3,1207
6166,,400000,1,2,1070
6169,,200000,2,2,904
6170,,80000,2,1,803
6171,,100000,2,2,798
6175,,100000,2,1,1140
6176,,50000,1,1,499
6177,,200000,2,2,1252
6178,,70000,2,2,919
6179,,100000,2,2,991
6180,,200000,2,2,912
6181,,300000,3,2,1743
6183,,100000,3,3,2028
6184,,100000,3,2,1005
6186,,90000,3,3,1950
6187,,80000,2,2,1004
6188,,100000,1,1,669
6189,,200000,3,3,2163
6191,,100000,1,1,714
6192,,100000,1,1,714
6193,,100000,1,1,714
6194,,100000,1,1,608
6195,,100000,1,1,608
6196,,100000,2,2,1026
6197,,200000,2,3,1066
6199,,80000,2,2,975
6204,,300000,3,3,1682
6205,,300000,3,3,1682
6208,,200000,3,3,1540
6275,,400000,3,3,2023
6278,,400000,3,2,1935
6279,,400000,3,2,1935
6280,,300000,3,2,1272
6295,,300000,2,3,1638
6313,,200000,2,2,1200
6326,,100000,2,2,829
6331,,200000,1,1,445
6370,,200000,3,3,1727
6374,,200000,1,1,634
6392,,200000,1,1,669
6401,,200000,3,3,1651
6402,,100000,1,1,661
6403,,100000,1,1,661
6404,,200000,2,2,850
6405,,200000,2,2,850
6406,,200000,2,2,850
6407,,200000,2,2,850
6408,,200000,2,2,850
6409,,200000,2,2,850
6410,,200000,2,2,850
6411,,100000,2,2,802
6412,,100000,2,2,802
6413,,100000,2,2,802
6414,,100000,2,2,802
6415,,100000,2,2,802
6416,,100000,2,2,802
6417,,100000,2,2,802
6418,,300000,3,2,1807
6419,,80000,0,1,403
6420,,80000,0,1,403
6421,,80000,0,1,403
6422,,80000,0,1,403
6423,,80000,0,1,403
6424,,200000,2,2,1177
6425,,80000,2,2,1036
6426,,300000,3,3,2668
6427,,100000,2,1,829
6429,,80000,3,3,1750
6430,,400000,2,2,1213
6432,,800000,3,4,2803
6433,,200000,2,3,1251
6434,,100000,2,2,955
6435,,30000,1,1,518
6437,,1000000,3,4,3597
6438,,60000,2,3,1170
6439,,100000,2,2,1194
6441,,70000,2,2,853
6442,,400000,3,4,2291
6443,,100000,2,2,944
6445,,300000,3,3,1855
6446,,60000,1,1,397
6447,,100000,2,2,999
6451,,100000,2,2,981
6453,,100000,1,1,661
6454,,100000,1,1,661
6455,,100000,1,1,661
6457,,100000,1,1,800
6459,,90000,2,3,1059
6460,,60000,3,2,1476
6461,,80000,3,2,1352
6462,,100000,2,2,1020
6463,,70000,3,3,1362
6464,,200000,2,2,1072
6465,,100000,1,1,800
6466,,100000,2,3,1107
6467,,60000,1,1,565
6468,,100000,3,2,1427
6469,,100000,2,2,1206
6470,,100000,2,2,983
6471,,80000,2,2,1072
6472,,200000,2,3,1653
6473,,200000,3,3,1621
6474,,70000,2,2,968
6475,,300000,3,3,1520
6476,,100000,2,3,1108
6477,,100000,3,3,1413
6478,,200000,2,3,1823
6479,,70000,1,1,370
6480,,70000,1,1,815
6481,,100000,2,2,814
6482,,90000,1,1,576
6483,,100000,3,2,1427
6484,,600000,4,5,3111
6485,,60000,2,2,917
6486,,300000,1,1,1360
6487,,400000,1,2,1070
6488,,90000,1,1,546
6489,,90000,2,2,967
6490,,100000,1,2,793
6491,,80000,1,1,770
6492,,70000,2,2,1007
6493,,200000,3,2,1401
6494,,100000,3,3,1292
6495,,50000,2,2,860
6496,,100000,1,1,522
6497,,100000,1,1,592
6499,,300000,3,2,1807
6500,,100000,2,3,1375
6501,,200000,2,2,1161
6502,,100000,2,2,1047
6503,,100000,2,1,829
6505,,200000,2,1,916
6508,,100000,2,2,922
6509,,90000,2,2,1144
6510,,90000,2,2,1060
6514,,300000,3,3,1891
6515,,100000,1,1,624
6516,,50000,3,3,1660
6517,,200000,3,2,1020
6518,,300000,1,1,1108
6519,,100000,3,3,1552
6520,,100000,2,3,1041
6521,,80000,2,2,979
6522,,60000,2,2,830
6523,,80000,3,3,1430
6524,,100000,2,3,1280
6526,,100000,2,2,810
6527,,700000,4,4,3715
6530,,100000,2,1,509
6531,,200000,3,3,2236
6532,,200000,2,2,946
6538,,200000,2,2,1041
6539,,100000,2,2,1348
6540,,900000,3,4,3096
6542,,200000,4,3,2200
6543,,200000,3,3,1982
6544,,200000,2,3,1101
6545,,200000,2,2,1403
6546,,100000,2,2,756
6547,,90000,3,2,1352
6548,,300000,2,2,1800
6549,,80000,2,2,916
6550,,100000,2,3,1089
6551,,60000,2,2,663
6552,,200000,3,3,1552
6553,,200000,3,3,1552
6554,,200000,3,3,1552
6555,,200000,3,3,1791
6556,,200000,3,3,1791
6557,,200000,2,3,1754
6558,,100000,2,2,1176
6560,,70000,2,1,805
6561,,200000,3,2,1160
6562,,200000,2,2,971
6563,,100000,2,3,1202
6564,,200000,3,3,1549
6565,,200000,4,3,2290
6566,,200000,4,4,2695
6567,,100000,3,3,1480
6568,,100000,2,3,1116
6569,,300000,4,3,2721
6570,,50000,1,1,770
6571,,70000,1,1,770
6572,,200000,2,2,1106
6573,,30000,1,1,389
6574,,70000,2,1,808
6575,,200000,3,2,1650
6576,,200000,2,2,1204
6577,,100000,3,2,1428
6578,,100000,3,2,1428
6579,,200000,3,3,1904
6580,,100000,3,3,0
6581,,200000,4,3,1603
6582,,80000,2,2,831
6583,,60000,1,1,655
6584,,100000,2,1,1076
6585,,100000,2,2,1056
6586,,200000,2,3,1350
6587,,70000,2,2,968
6588,,300000,2,3,1395
6589,,200000,2,2,1161
6590,,200000,2,3,1395
6591,,90000,3,3,1216
6593,,100000,1,1,436
6594,,90000,2,2,967
6595,,100000,2,2,992
6596,,60000,1,1,631
6597,,500000,5,4,3112
6598,,100000,2,2,1002
6599,,200000,3,2,0
6607,,900000,1,2,1225
6638,,80000,1,1,464
6639,,400000,3,2,1935
6643,,200000,3,3,1568
6660,,100000,2,2,829
6661,,300000,2,3,1725
6662,,200000,2,3,1042
6675,,200000,2,3,1443
6678,,200000,2,3,1480
6703,,200000,2,3,1407
6712,,300000,3,3,1690
6717,,300000,2,2,960
6720,,300000,3,2,1581
6723,,100000,2,2,952
6740,,100000,1,1,578
6746,,600000,3,4,1638
6749,,50000,2,2,900
6770,,200000,2,2,900
6786,,40000,0,0,0
6795,,400000,3,2,1935
6799,,300000,2,2,842
6805,,700000,2,3,1911
6827,,200000,3,4,1930
6848,,300000,2,2,852
6854,,400000,4,3,2706
6856,,400000,4,3,2604
6858,,80000,3,2,1193
6868,,500000,3,3,1443
6926,,300000,2,3,1408
6928,,200000,2,3,1366
6929,,300000,2,3,1374
6935,,100000,2,3,1141
6940,,300000,3,2,1461
6941,,400000,3,3,1858
6942,,400000,3,3,1822
6945,,300000,3,3,1898
6991,,400000,3,3,1632
6996,,300000,2,3,1020
6999,,400000,3,2,1935
7000,,70000,1,1,633
7001,,200000,2,3,1173
7002,,90000,1,1,762
7003,,100000,2,2,965
7004,,100000,2,3,1089
7005,,80000,2,2,968
7006,,200000,2,2,1056
7007,,200000,2,2,0
7008,,300000,2,2,1409
7009,,200000,2,2,1040
7010,,300000,1,1,751
7014,,80000,2,2,1007
7015,,100000,2,2,1521
7017,,60000,1,1,535
7018,,200000,2,3,1150
7020,,400000,2,2,1782
7022,,300000,1,1,1049
7023,,200000,2,2,1008
7027,,200000,2,2,1459
7028,,60000,1,1,633
7029,,200000,2,3,1150
7030,,90000,1,1,759
7032,,100000,2,2,982
7033,,50000,3,3,1426
7035,,100000,2,2,1079
7036,,200000,2,3,1189
7037,,300000,3,3,0
7040,,100000,1,1,840
7042,,50000,1,1,388
7044,,100000,2,2,1194
7045,,100000,2,2,1041
7046,,100000,1,1,652
7048,,100000,2,1,894
7049,,200000,2,2,1467
7050,,100000,3,2,1300
7052,,200000,2,2,1018
7054,,100000,2,1,821
7055,,200000,2,2,1360
7056,,100000,2,2,991
7061,,200000,2,1,979
7062,,100000,3,3,1495
7063,,200000,1,1,726
7065,,200000,2,3,1167
7066,,400000,2,2,1351
7068,,200000,1,1,600
7071,,200000,2,2,1616
7073,,100000,2,3,1041
7074,,100000,1,1,613
7075,,100000,2,3,983
7076,,90000,1,1,560
7078,,80000,2,3,1041
7079,,100000,2,3,1099
7080,,300000,2,2,1430
7081,,100000,1,1,831
7083,,100000,2,2,1168
7084,,200000,2,3,0
7085,,200000,2,2,1650
7087,,40000,1,1,400
7088,,100000,2,2,1080
7089,,100000,2,2,908
7090,,80000,1,1,770
7091,,80000,1,1,796
7092,,200000,3,3,1552
7093,,100000,2,2,1021
7094,,100000,2,2,928
7095,,200000,2,3,1172
7097,,200000,2,3,1265
7098,,200000,3,3,1527
7101,,80000,1,1,513
7103,,50000,1,1,652
7104,,100000,2,2,1220
7106,,300000,1,2,1256
7109,,100000,2,2,817
7110,,50000,1,1,669
7112,,70000,1,1,610
7113,,100000,3,2,949
7114,,300000,2,2,1234
7116,,200000,2,2,1283
7117,,60000,1,1,565
7118,,300000,3,2,1807
7119,,100000,2,2,959
7120,,100000,3,2,963
7121,,200000,3,3,0
7122,,90000,1,1,578
7123,,80000,1,1,610
7124,,100000,2,2,1158
7128,,100000,2,3,1167
7129,,200000,2,3,1379
7130,,100000,2,2,1023
7132,,50000,1,1,398
7133,,200000,2,2,1171
7134,,400000,2,3,1977
7136,,60000,1,1,565
7142,,100000,1,1,500
7143,,80000,2,2,853
7144,,300000,3,4,1997
7145,,100000,2,2,1158
7146,,100000,2,1,885
7147,,200000,3,2,1226
7152,,100000,2,1,913
7153,,200000,2,3,1395
7154,,200000,2,3,1476
7157,,300000,3,2,1602
7167,,200000,2,2,996
7168,,400000,3,3,2050
7170,,90000,2,2,1190
7175,,200000,2,2,1333
7176,,200000,2,2,1746
7188,,400000,3,3,2150
7191,,500000,3,3,1808
7194,,200000,2,2,1333
7195,,100000,2,3,1354
7200,,100000,2,3,1356
7201,,100000,2,3,1356
7205,,50000,2,2,952
7208,,400000,2,2,1289
7209,,200000,3,3,1413
7210,,300000,1,1,1360
7211,,200000,3,2,1346
7212,,100000,2,2,876
7214,,200000,2,2,955
7215,,90000,2,2,919
7216,,100000,2,2,9606
7217,,100000,2,2,9606
7218,,100000,2,2,9606
7219,,80000,2,2,1138
7220,,100000,3,3,1794
7225,,100000,1,2,820
7227,,100000,1,1,717
7228,,100000,2,2,1158
7230,,300000,1,1,891
7232,,100000,2,2,991
7233,,100000,3,2,1342
7234,,100000,3,2,1300
7235,,200000,2,3,1075
7236,,200000,2,3,1395
7237,,100000,2,2,1039
7239,,100000,3,1,718
7241,,100000,2,2,880
7243,,100000,2,1,715
7244,,100000,2,2,837
7245,,200000,2,2,1189
7246,,100000,2,1,979
7249,,90000,2,1,872
7252,,60000,1,1,565
7253,,100000,2,2,785
7254,,100000,2,1,767
7256,,100000,1,1,647
7257,,200000,2,2,1132
7258,,60000,1,1,390
7259,,100000,2,3,1336
7260,,100000,2,3,1336
7261,,90000,2,1,876
7262,,60000,1,1,653
7265,,90000,2,2,1004
7267,,200000,2,2,1200
7268,,100000,2,2,976
7269,,80000,2,1,764
7270,,100000,2,1,715
7271,,70000,1,1,592
7272,,100000,2,2,935
7273,,300000,2,2,1283
7274,,80000,1,1,567
7275,,100000,2,2,807
7276,,300000,1,1,1180
7277,,200000,1,1,685
7278,,100000,2,2,1056
7279,,200000,3,2,0
7280,,200000,4,3,0
7281,,60000,1,1,704
7282,,70000,1,1,638
7283,,600000,2,3,2548
7284,,400000,1,1,1353
7285,,100000,2,1,744
7286,,60000,2,2,792
7287,,200000,2,2,1771
7288,,200000,3,3,1654
7289,,200000,2,2,1230
7290,,100000,2,2,1095
7291,,200000,2,2,1302
7292,,100000,2,2,929
7294,,100000,2,1,758
7295,,100000,2,2,822
7296,,100000,2,2,1003
7297,,70000,2,1,513
7298,,100000,1,1,851
7299,,200000,2,2,973
7300,,100000,2,2,1311
7307,,100000,3,3,1503
7308,,100000,2,1,1004
7309,,200000,2,3,1291
7310,,40000,1,1,537
7311,,80000,2,2,891
7312,,70000,1,1,385
7313,,200000,3,3,1773
7315,,80000,2,2,947
7316,,200000,3,3,1554
7317,,90000,2,2,968
7318,,70000,1,1,610
7320,,200000,3,3,0
7321,,100000,1,1,824
7322,,90000,2,2,1004
7323,,100000,2,2,999
7325,,100000,2,1,509
7326,,200000,2,3,1751
7327,,100000,2,1,815
7328,,700000,4,3,3716
7329,,300000,3,3,2202
7330,,200000,3,2,1024
7332,,100000,2,2,1158
7333,,90000,2,1,789
7335,,200000,2,2,1144
7336,,100000,2,3,1207
7337,,100000,2,2,1042
7338,,200000,2,2,0
7339,,100000,2,1,979
7340,,90000,1,1,603
7341,,70000,2,2,917
7342,,100000,2,2,1148
7343,,100000,2,2,0
7344,,400000,3,2,1743
7345,,100000,2,2,0
7347,,100000,2,2,0
7349,,200000,2,3,0
7350,,100000,2,1,0
7351,,200000,2,2,1490
7352,,90000,2,2,891
7353,,100000,2,1,825
7354,,100000,2,2,832
7356,,100000,1,2,699
7357,,200000,2,2,1081
7358,,100000,2,2,1048
7359,,400000,2,2,1658
7360,,80000,2,1,916
7361,,80000,2,1,916
7362,,100000,3,3,1509
7363,,300000,2,3,1367
7364,,50000,1,1,369
7365,,80000,2,1,916
7367,,200000,2,3,0
7368,,90000,3,2,967
7371,,100000,2,2,1021
7374,,100000,3,2,1705
7375,,100000,2,2,1089
7376,,100000,2,2,902
7378,,100000,2,1,905
7379,,80000,1,1,635
7382,,80000,2,1,930
7383,,100000,2,2,819
7384,,100000,2,3,1116
7386,,100000,2,1,647
7387,,50000,1,1,369
7389,,90000,1,1,582
7390,,100000,2,2,960
7392,,200000,1,1,827
7393,,200000,2,2,1144
7394,,200000,2,2,1342
7396,,200000,2,3,1192
7397,,200000,2,3,1192
7408,,300000,3,3,1854
7420,,90000,2,2,918
7433,,100000,2,2,1128
7437,,300000,3,3,1477
7447,,100000,2,2,1321
7466,,100000,3,2,963
7482,,500000,3,3,1796
7483,,100000,1,1,770
7485,,400000,3,3,1587
7488,,400000,5,4,2843
7506,,200000,2,2,1091
7514,,200000,2,3,1369
7515,,300000,2,2,1621
7523,,400000,3,3,2023
7531,,4000,0,0,0
7532,,4000,0,0,0
7538,,80000,2,2,1616
7560,,300000,3,3,2207
7586,,700000,3,2,1557
7595,,300000,3,3,2460
7600,,200000,2,2,819
7601,,100000,2,2,1158
7602,,200000,2,2,1327
7604,,100000,1,2,699
7605,,200000,2,1,972
7606,,90000,2,3,1434
7607,,80000,1,1,745
7608,,100000,2,3,983
7609,,300000,3,2,2167
7610,,500000,2,3,1999
7618,,100000,1,2,913
7630,,100000,2,2,1017
7631,,400000,3,3,2074
7633,,500000,2,2,2022
7634,,200000,2,2,1186
7646,,400000,3,3,2005
7648,,200000,2,3,1231
7650,,200000,3,3,1966
7651,,200000,3,3,1747
7653,,200000,2,2,698
7655,,400000,3,3,2397
7656,,300000,3,2,1935
7657,,300000,3,3,2377
7658,,300000,3,3,2377
7659,,300000,3,3,2397
7660,,300000,3,3,2397
7663,,200000,3,2,1339
7664,,200000,3,2,1339
7669,,400000,2,2,1111
7670,,500000,3,3,2100
7679,,100000,2,2,1114
7680,,300000,2,3,1313
7682,,200000,2,1,715
7685,,200000,2,2,1979
7688,,100000,2,2,917
7695,,300000,2,2,1212
7700,,200000,2,2,1111
7702,,200000,3,2,1360
7704,,100000,3,3,1472
7705,,200000,2,1,723
7718,,100000,1,1,650
7721,,100000,2,3,1208
7726,,200000,1,1,720
7727,,300000,1,1,1065
7728,,200000,3,3,1942
7734,,300000,2,3,1406
7735,,70000,2,2,1194
7736,,200000,2,2,1147
7739,,80000,2,2,1194
7740,,300000,3,2,1146
7741,,300000,4,3,2264
7742,,100000,2,2,1432
7743,,50000,1,1,770
7744,,200000,2,1,910
7747,,200000,2,2,1160
7748,,40000,1,1,0
7749,,200000,1,1,925
7750,,90000,2,2,1136
7751,,200000,3,3,1413
7752,,300000,2,2,1105
7753,,200000,3,2,1807
7754,,90000,2,3,1101
7755,,200000,2,2,1107
7757,,60000,2,2,938
7758,,60000,2,2,939
7759,,90000,3,2,1427
7760,,60000,1,1,582
7761,,200000,3,2,1650
7762,,100000,1,1,589
7763,,200000,2,2,1252
7764,,80000,2,2,1432
7765,,300000,2,2,1117
7766,,200000,2,2,744
7767,,300000,3,3,1525
7768,,80000,2,2,678
7769,,60000,1,1,0
7770,,90000,2,2,1099
7771,,80000,2,2,1056
7772,,80000,2,2,1194
7773,,200000,1,1,600
7774,,80000,2,2,1194
7775,,90000,2,2,843
7776,,200000,2,2,930
7777,,50000,1,2,786
7778,,100000,2,2,1410
7779,,200000,2,2,1359
7780,,200000,2,2,1401
7781,,200000,2,2,956
7782,,200000,2,3,1375
7783,,200000,2,2,902
7784,,200000,2,2,1183
7785,,100000,1,1,602
7786,,200000,2,2,852
7787,,40000,1,1,506
7788,,70000,2,3,0
7789,,80000,3,2,1342
7790,,300000,3,2,1454
7791,,100000,2,1,818
7792,,800000,3,4,3171
7793,,100000,3,3,1982
7794,,200000,2,3,1266
7795,,600000,3,3,0
7796,,60000,1,1,594
7797,,70000,2,1,829
7798,,90000,2,2,1103
7799,,100000,2,2,982
7800,,80000,2,2,1056
7801,,90000,3,3,1579
7802,,90000,2,2,1432
7803,,200000,2,2,1283
7804,,200000,2,2,837
7805,,70000,2,3,1043
7806,,200000,3,3,0
7807,,200000,3,3,1523
7808,,70000,2,2,923
7809,,80000,2,2,1056
7810,,90000,2,2,1068
7811,,200000,2,3,1204
7812,,200000,2,3,1160
7813,,200000,2,3,1395
7814,,100000,2,3,1116
7815,,500000,4,4,2223
7816,,200000,2,2,970
7817,,60000,2,2,0
7818,,200000,3,3,1579
7819,,300000,4,3,2264
7820,,100000,2,2,967
7821,,100000,2,3,1386
7822,,300000,2,3,1351
7823,,60000,1,1,372
7824,,100000,2,3,1193
7828,,70000,3,3,1576
7829,,100000,2,3,1375
7830,,100000,3,2,1348
7832,,90000,2,2,828
7833,,200000,2,2,836
7834,,80000,2,2,924
7837,,80000,1,1,642
7838,,200000,1,1,711
7839,,100000,2,2,1230
7841,,200000,2,2,742
7844,,70000,1,1,770
7846,,90000,2,2,968
7847,,100000,2,3,1167
7848,,100000,2,2,1080
7849,,200000,3,2,1211
7851,,70000,1,1,410
7852,,300000,2,3,1585
7853,,200000,1,1,637
7854,,200000,2,2,1459
7855,,200000,2,2,1387
7857,,100000,3,3,1433
7858,,100000,3,3,1170
7859,,200000,3,3,1927
7860,,60000,1,1,714
7861,,200000,2,2,1360
7862,,100000,3,3,1463
7863,,100000,2,1,888
7864,,100000,1,1,449
7865,,100000,1,1,449
7866,,100000,2,2,858
7867,,100000,2,1,929
7868,,200000,3,3,1904
7869,,200000,3,2,1125
7870,,200000,2,2,1273
7871,,80000,2,2,875
7872,,100000,2,3,1043
7873,,200000,2,2,1403
7875,,90000,1,1,546
7876,,100000,1,1,784
7877,,100000,2,2,908
7878,,400000,3,3,2028
7879,,200000,3,2,1101
7880,,200000,3,3,1544
7881,,1000000,3,3,3060
7882,,90000,2,2,1010
7884,,100000,2,2,1348
7885,,100000,2,1,929
7886,,100000,3,3,1403
7887,,100000,3,2,1160
7888,,300000,1,1,1321
7889,,200000,2,2,1202
7890,,70000,2,2,1049
7891,,100000,2,1,805
7892,,100000,2,2,991
7893,,80000,1,1,579
7894,,70000,1,1,606
7895,,200000,2,2,1459
7896,,100000,1,1,406
7897,,300000,1,2,972
7898,,100000,2,1,1164
7899,,90000,2,2,902
7900,,100000,1,1,647
7901,,100000,1,2,738
7902,,80000,1,1,602
7903,,100000,2,2,807
7904,,100000,2,2,802
7905,,100000,2,2,802
7906,,100000,2,1,688
7907,,80000,2,2,875
7908,,200000,3,2,816
7909,,80000,2,2,809
7910,,80000,2,2,982
7912,,60000,1,1,725
7913,,80000,2,1,990
7914,,200000,2,3,1680
7916,,100000,2,3,1101
7917,,70000,2,2,908
7918,,70000,1,1,420
7919,,300000,2,2,1650
7920,,100000,1,1,449
7922,,300000,3,3,1624
7923,,90000,2,2,1045
7925,,200000,2,3,1256
7926,,200000,2,2,1170
7928,,300000,2,3,1876
7929,,200000,2,3,1476
7930,,70000,2,2,1004
7931,,70000,3,2,955
7939,,200000,2,3,1617
7945,,300000,1,1,773
7948,,200000,3,3,1747
7953,,200000,4,3,1876
7962,,300000,3,2,1374
7968,,300000,4,3,1884
7970,,400000,2,3,1629
7971,,200000,1,1,945
7975,,70000,2,2,929
7982,,400000,3,4,2150
7986,,100000,2,3,1041
7993,,400000,2,3,1579
8014,,300000,3,3,2660
8018,,100000,1,1,609
8019,,300000,3,3,1937
8020,,300000,3,3,1898
8030,,100000,2,2,952
8047,,100000,1,1,535
8053,,900000,1,2,1169
8055,,100000,0,1,400
8057,,200000,2,2,1348
8059,,300000,3,3,1707
8064,,600000,3,2,1675
8066,,400000,2,3,1838
8067,,400000,3,3,2283
8073,,300000,3,3,1399
8077,,500000,3,3,1902
8080,,300000,3,3,1814
8098,,300000,3,2,1272
8100,,400000,3,3,2397
8101,,400000,3,3,2397
8124,,300000,2,2,939
8133,,200000,3,2,1500
8139,,10000,0,0,0
8143,,300000,3,4,2089
8144,,300000,3,4,2089
8159,,100000,1,1,456
8180,,100000,2,2,952
8190,,300000,1,1,756
8234,,100000,2,2,952
8267,,70000,0,0,0
8268,,70000,0,0,0
8269,,70000,0,0,0
8282,,50000,0,0,0
8284,,700000,3,3,3200
8308,,40000,0,0,0
8316,,30000,0,0,0
8328,,20000,0,0,0
8331,,2000000,4,6,4940
8337,,80000,0,0,0
8342,,500000,2,1,840
8347,,100000,0,0,0
8349,,300000,3,2,1589
8355,,600000,5,3,3518
8356,,100000,0,0,0
8376,,6000,0,0,0
8377,,700000,5,5,3266
8380,,4000000,4,6,6197
8382,,5000000,5,6,5080
8384,,700000,5,4,3078
8390,,200000,3,2,1322
8397,,200000,0,0,0
8413,,5000,4,3,2400
8433,,60000,0,0,0
8439,,300000,4,2,2127
8467,,200000,0,0,0
8470,,500000,0,0,0
8471,,70000,0,0,0
8474,,30000,0,0,0
8483,,400000,3,2,1210
8489,,400000,4,2,1532
8491,,3000,3,2,2100
8511,,300000,2,1,824
8520,,900,1,1,600
8522,,500000,7,3,5166
8535,,1000000,0,0,0
8537,,400000,3,3,2588
8567,,200000,2,2,968
8571,,200000,0,0,0
8597,,1000000,2,2,1609
8604,,300000,2,3,1395
8611,,600000,3,3,2106
8612,,200000,3,3,1801
8632,,300000,1,2,1194
8636,,100000,1,1,563
8637,,200000,3,2,1155
8655,,200000,1,1,831
8659,,100000,3,3,1281
8660,,200000,2,3,1473
8662,,100000,1,1,650
8669,,80000,2,2,952
8670,,80000,2,2,952
8681,,300000,3,3,1987
8697,,500000,3,4,1979
8698,,200000,2,3,1386
8706,,300000,3,3,1938
8714,,1000000,6,4,3800
8741,,400000,2,3,1367
8757,,200000,2,3,1594
8768,,100000,2,2,1196
8782,,200000,4,3,2112
8789,,200000,2,1,870
8790,,80000,2,2,960
8791,,200000,3,3,1382
8797,,200000,2,2,1122
8815,,400000,3,2,1789
8816,,80000,0,0,0
8817,,80000,0,0,0
8818,,80000,0,0,0
8819,,80000,0,0,0
8822,,200000,2,2,1100
8827,,100000,1,1,535
8828,,200000,4,2,1805
8831,,200000,2,2,981
8832,,200000,2,3,1142
8835,,400000,2,2,1111
8868,,300000,2,2,968
8880,,400000,3,3,2023
8890,,300000,3,3,1597
8912,,300000,3,3,1642
8913,,300000,4,3,1912
8914,,300000,3,2,1642
8923,,300000,3,2,1611
8927,,200000,2,3,1142
8931,,200000,2,1,647
8935,,300000,3,3,1987
8943,,200000,1,1,698
8976,,400000,2,4,2211
9036,,200000,2,2,960
9082,,100000,1,1,650
9103,,100000,0,1,400
9109,,90000,3,2,955
9112,,400000,3,3,1644
9144,,200000,2,2,1008
9148,,700000,2,2,1884
9169,,100000,1,2,1127
9170,,100000,1,1,650
9183,,600000,2,3,2500
9192,,300000,2,2,1295
9222,,300000,3,3,1659
9231,,200000,2,2,918
9251,,200000,3,3,1611
9256,,100000,0,1,400
9258,,500000,3,3,1896
9262,,300000,3,3,1942
9263,,400000,2,2,1255
9269,,200000,1,1,650
9274,,200000,2,2,1501
9288,,300000,4,3,1912
9289,,200000,2,2,902
9304,,700000,4,3,2655
9309,,100000,2,1,929
9310,,200000,2,2,1202
9311,,60000,2,2,917
9312,,80000,2,2,1063
9313,,700000,3,3,3392
9314,,200000,1,1,824
9315,,200000,2,3,1005
9316,,800000,2,2,2138
9317,,100000,2,2,1069
9318,,100000,1,1,759
9319,,300000,2,2,1028
9324,,200000,2,3,1537
9325,,60000,1,1,394
9327,,300000,2,3,1386
9328,,300000,2,2,1677
9329,,200000,2,2,887
9330,,90000,2,1,843
9331,,100000,2,3,941
9332,,60000,1,1,399
9334,,200000,1,1,788
9335,,400000,3,3,1733
9336,,50000,2,2,1165
9337,,100000,1,1,610
9338,,200000,2,2,1533
9339,,200000,2,2,1040
9340,,300000,3,2,1454
9341,,200000,2,2,901
9342,,100000,2,2,977
9345,,80000,3,2,1511
9348,,200000,2,2,819
9349,,100000,2,2,1158
9350,,200000,2,2,1327
9352,,100000,1,2,699
9353,,200000,2,1,972
9354,,90000,2,3,1434
9355,,80000,1,1,745
9356,,100000,2,3,983
9357,,300000,3,2,2167
9358,,500000,2,3,1999
9364,,300000,1,1,773
9367,,200000,3,3,1747
9372,,200000,4,3,1876
9381,,300000,3,2,1374
9387,,300000,4,3,1884
9389,,400000,2,3,1629
9390,,200000,1,1,945
9394,,70000,2,2,929
9403,,300000,2,3,1312
9406,,300000,3,3,2397
9410,,200000,3,3,1837
9411,,200000,2,3,1414
9418,,300000,1,2,970
9420,,90000,0,1,400
9422,,200000,2,3,1805
9423,,200000,3,2,1344
9424,,200000,1,1,875
9433,,400000,2,3,1496
9436,,400000,2,3,1579
9437,,90000,2,2,829
9440,,500000,3,2,1553
9447,,300000,2,3,1312
9448,,300000,1,1,714
9455,,100000,2,3,905
9464,,100000,1,1,761
9465,,200000,3,2,1351
9467,,90000,2,2,964
9468,,200000,2,2,936
9469,,70000,1,1,750
9470,,200000,2,2,1229
9472,,300000,2,2,1285
9473,,200000,3,3,1950
9474,,200000,3,3,2395
9475,,100000,2,2,938
9476,,80000,1,2,965
9478,,100000,1,2,1127
9479,,200000,2,2,1541
9480,,60000,2,1,734
9481,,200000,2,2,1183
9482,,200000,2,3,1350
9485,,300000,2,3,1332
9486,,400000,3,3,1750
9487,,400000,3,3,1750
9488,,70000,1,2,954
9489,,80000,2,2,809
9491,,200000,2,3,2007
9492,,100000,2,2,1099
9493,,60000,0,1,341
9495,,200000,2,3,1200
9496,,100000,2,3,1338
9497,,200000,2,1,1002
9498,,100000,2,1,929
9500,,300000,2,2,1069
9501,,300000,2,2,1069
9502,,300000,2,2,1251
9505,,30000,3,3,1236
9506,,100000,2,2,966
9508,,200000,3,3,1651
9511,,200000,2,3,1256
9512,,200000,2,2,1170
9514,,300000,2,3,1876
9515,,200000,2,3,1476
9516,,70000,2,2,1004
9517,,70000,3,2,955
9525,,200000,2,3,1617
9529,,300000,2,2,1209
9537,,200000,2,3,1509
9543,,200000,2,2,1040
9544,,300000,3,3,1530
9556,,200000,2,2,864
9558,,200000,2,2,1415
9561,,100000,1,1,832
9565,,100000,2,2,1036
9572,,300000,2,2,1242
9582,,100000,1,1,650
9584,,70000,2,1,988
9591,,40000,2,2,850
9592,,400000,2,3,1657
9600,,100000,1,1,750
9606,,400000,2,2,1049
9607,,400000,2,3,1057
9609,,80000,0,0,0
9613,,600000,3,3,2499
9616,,300000,4,3,2408
9617,,300000,3,3,2233
9623,,400000,4,3,2501
9637,,200000,0,0,0
9643,,400000,3,3,2588
9667,,20000,0,0,0
9672,,30000,0,0,0
9680,,100000,0,0,0
9689,,1000000,0,0,0
9722,,70000,0,0,0
9723,,70000,0,0,0
9724,,70000,0,0,0
9731,,50000,0,0,0
9737,,400000,0,0,0
9741,,700000,3,3,3200
9747,,40000,0,0,0
9777,,40000,0,0,0
9785,,30000,0,0,0
9794,,20000,0,0,0
9797,,2000000,4,6,4940
9807,,200000,1,2,1090
9814,,200000,2,2,1170
9821,,300000,3,2,1836
9832,,200000,3,2,1618
9835,,300000,2,2,1191
9846,,300000,3,3,2023
9849,,400000,4,4,2273
9851,,400000,2,2,1860
9863,,200000,2,2,1288
9864,,300000,3,3,1937
9868,,300000,3,3,1580
9869,,600000,1,1,642
9874,,400000,3,2,1266
9875,,400000,3,2,1231
9884,,300000,3,3,1898
9885,,300000,3,3,1584
9888,,300000,3,3,1584
9894,,300000,2,3,1209
9896,,100000,2,2,1432
9906,,200000,2,3,1663
9914,,300000,3,2,1272
9915,,400000,4,3,2185
9918,,300000,3,3,1585
9919,,400000,4,3,2185
9925,,300000,2,2,1294
9945,,200000,2,2,900
9949,,200000,3,3,2630
9957,,300000,1,1,743
9963,,50000,0,0,0
9980,,400000,2,3,1291
9982,,200000,1,1,638
9988,,200000,2,2,1118
9990,,400000,3,3,2397
10016,,200000,2,2,1435
10024,,300000,2,2,1172
10025,,600000,2,2,1372
10026,,200000,2,2,1106
10027,,60000,1,1,638
10028,,100000,3,3,1280
10029,,200000,3,2,0
10030,,200000,3,2,0
10031,,200000,2,2,0
10033,,90000,2,2,1136
10034,,200000,2,2,1301
10035,,100000,1,1,788
10036,,200000,2,3,1146
10037,,800000,3,2,0
10038,,200000,3,3,1466
10039,,300000,3,2,2099
10040,,300000,2,2,0
10041,,60000,1,1,668
10042,,60000,1,1,565
10043,,100000,2,1,684
10044,,200000,2,3,1546
10045,,70000,1,1,635
10046,,200000,2,1,1043
10047,,200000,2,1,955
10048,,30000,1,1,536
10049,,200000,2,1,938
10050,,200000,2,2,1223
10051,,100000,2,2,916
10052,,200000,2,2,828
10053,,100000,2,2,1194
10054,,100000,2,2,1426
10055,,100000,3,2,1427
10056,,200000,3,3,1247
10057,,100000,2,2,904
10058,,700000,3,3,3304
10059,,90000,2,1,808
10060,,200000,1,1,635
10061,,70000,2,2,917
10062,,100000,1,1,780
10063,,300000,3,3,3120
10064,,300000,2,3,1472
10065,,300000,2,3,1412
10066,,300000,3,3,1991
10067,,200000,2,2,1234
10068,,200000,2,2,1353
10069,,200000,2,2,1082
10070,,100000,2,2,0
10071,,100000,2,1,0
10073,,200000,3,3,0
10074,,80000,1,1,591
10075,,80000,2,2,1056
10076,,100000,2,3,1535
10077,,200000,2,2,0
10078,,90000,3,2,1427
10079,,100000,1,1,735
10080,,200000,3,3,0
10081,,100000,2,3,1265
10082,,200000,2,3,1204
10084,,200000,1,2,798
10085,,200000,2,2,1127
10086,,90000,2,2,842
10087,,200000,2,2,1512
10088,,100000,3,3,1579
10089,,100000,1,1,609
10090,,100000,1,1,456
10091,,90000,2,2,809
10092,,70000,2,1,930
10093,,100000,2,2,1173
10094,,100000,1,1,631
10095,,70000,1,1,625
10096,,60000,2,1,850
10097,,90000,3,2,967
10098,,80000,1,1,560
10099,,100000,1,1,761
10100,,90000,2,1,805
10101,,80000,3,3,1526
10102,,100000,2,2,967
10103,,80000,2,2,1007
10104,,100000,2,3,1153
10105,,200000,3,3,0
10106,,100000,2,2,945
10107,,90000,2,2,1010
10108,,80000,2,2,964
10109,,100000,3,3,1682
10110,,200000,3,2,0
10111,,100000,2,3,1143
10112,,200000,3,2,1555
10113,,80000,3,2,963
10114,,100000,2,2,999
10115,,100000,2,1,717
10116,,300000,2,2,2052
10117,,100000,2,1,988
10118,,70000,1,1,535
10119,,80000,1,1,0
10120,,200000,2,2,0
10121,,100000,2,3,1020
10122,,200000,2,2,1147
10123,,200000,2,2,1147
10124,,100000,1,1,875
10125,,200000,2,2,1403
10126,,100000,1,1,875
10127,,200000,2,2,1147
10128,,100000,2,2,1147
10129,,200000,2,1,979
10130,,200000,2,2,1403
10131,,200000,2,2,1564
10132,,100000,1,1,831
10133,,80000,2,2,958
10134,,40000,1,1,535
10135,,60000,1,1,677
10136,,100000,2,1,794
10137,,90000,2,2,809
10138,,300000,3,3,2282
10139,,200000,1,1,903
10140,,90000,2,1,803
10141,,60000,2,2,862
10142,,90000,2,1,848
10143,,100000,2,3,1108
10144,,200000,2,2,1333
10145,,90000,2,2,1049
10146,,90000,1,1,754
10147,,100000,3,2,1253
10148,,200000,2,2,1204
10149,,200000,2,3,1270
10150,,200000,3,3,1794
10151,,90000,1,1,668
10152,,70000,1,1,565
10153,,200000,2,3,1520
10154,,100000,2,2,1220
10155,,100000,1,2,809
10156,,200000,2,3,1385
10157,,90000,3,2,965
10158,,100000,2,2,1227
10159,,200000,3,3,1421
10160,,200000,2,2,1613
10161,,70000,3,2,1433
10162,,80000,2,2,1194
10164,,50000,1,1,770
10165,,100000,3,3,1861
10166,,100000,4,3,1982
10167,,100000,3,3,1552
10168,,80000,2,2,1050
10169,,200000,3,2,1277
10170,,70000,2,2,1084
10171,,80000,1,1,638
10172,,100000,3,2,1427
10173,,700000,4,4,4282
10174,,200000,1,1,1108
10175,,80000,2,2,967
10176,,200000,2,3,1507
10177,,100000,3,3,1861
10178,,100000,3,3,1654
10179,,200000,3,3,1927
10180,,100000,3,2,1251
10181,,200000,2,2,1283
10182,,200000,1,1,719
10183,,60000,2,2,968
10184,,100000,3,3,1791
10185,,100000,3,3,1791
10186,,100000,2,3,1754
10187,,100000,1,1,432
10188,,200000,3,2,1239
10189,,90000,1,1,431
10190,,200000,3,4,2192
10191,,400000,3,3,1579
10192,,100000,1,1,717
10193,,100000,3,2,1474
10194,,200000,2,2,1160
10195,,300000,1,1,1063
10196,,700000,5,4,3902
10197,,200000,3,2,1351
10198,,50000,1,1,579
10199,,60000,2,1,734
